独立,B
基础,I
钢筋,I
接头,I
未,O
打磨,O
平整,O
，,O
戴,O
保护帽,B
，,O
要求,O
总包,O
【,O
中建,O
】,O
于,O
7月,O
15日,O
前,O
整改,O
完成,O
,
独立,B
基础,I
底部,I
垫块,I
用,O
砖,B
，,O
要求,O
总包,O
【,O
中建,O
】,O
于,O
7月,O
15日,O
前,O
整改,O
完成,O
,
10,B
#,I
塔吊,I
基础,I
竖向,I
拉钩,I
设置,O
不,O
标准,O
，,O
要求,O
总包,O
【,O
中建,O
】,O
于,O
7月,O
22日,O
前,O
整改,O
完成,O
,
DJ,B
养护,O
不,O
够,O
及时,O
轻微,O
开裂,O
，,O
要求,O
总包,O
【,O
中建,O
】,O
于,O
7月,O
22日,O
前,O
整改,O
完成,O
,
钢筋笼,B
加劲,I
箍,I
间距,O
过,O
大,O
，,O
要求,O
总包,O
【,O
中建,O
】,O
于,O
7月,O
22日,O
前,O
整改,O
完成,O
,
旋挖桩,B
施工,O
未,O
安装,O
护筒,B
，,O
要求,O
总包,O
【,O
中建,O
】,O
于,O
7月,O
22日,O
前,O
整改,O
完成,O
,
孔底,B
淤泥,O
，,O
要求,O
总包,O
【,O
中建,O
】,O
于,O
7月,O
22日,O
前,O
整改,O
完成,O
,
人工,B
挖孔桩,I
未,O
设置,O
轴线,B
标识,I
，,O
要求,O
总包,O
【,O
中建,O
】,O
于,O
7月,O
22日,O
前,O
整改,O
完成,O
,
直,B
螺纹,I
连接,I
超过,O
1.5,O
丝,O
，,O
要求,O
总包,O
【,O
中建,O
】,O
于,O
7月,O
22日,O
前,O
整改,O
完成,O
,
5,B
#,I
塔吊,I
基础,I
竖向,I
拉钩,I
倾斜,O
，,O
要求,O
总包,O
【,O
中建,O
】,O
于,O
7月,O
29日,O
前,O
整改,O
完成,O
,
5,B
#,I
塔吊,I
基坑壁,I
局部,O
风化,O
掉落,O
至,O
坑底,B
未,O
进行,O
清理,O
，,O
要求,O
总包,O
【,O
中建,O
】,O
于,O
7月,O
29日,O
前,O
整改,O
完成,O
,
钢筋,B
制作房,I
钢筋,B
焊接,O
个别,O
不,O
饱满,O
未,O
及时,O
清除,O
焊渣,O
检查,O
焊接,O
质量,O
，,O
要求,O
总包,O
【,O
中建,O
】,O
于,O
7月,O
29日,O
前,O
整改,O
完成,O
,
个别,O
独立,B
基础,I
机械,I
连接,I
保护帽,I
缺失,O
，,O
要求,O
总包,O
【,O
中建,O
】,O
于,O
7月,O
29日,O
前,O
整改,O
完成,O
,
钢筋,B
制作房,I
钢筋,I
焊接,O
个别,O
不,O
饱满,O
未,O
及时,O
清除,O
焊渣,O
检查,O
焊接,O
质量,O
，,O
要求,O
总包,O
【,O
中建,O
】,O
于,O
7月,O
29日,O
前,O
整改,O
完成,O
,
个别,O
独立,B
基础,I
机械,I
连接,I
保护,I
帽,I
缺失,I
，,O
要求,O
总包,O
【,O
中建,O
】,O
于,O
7月,O
29日,O
前,O
整改,O
完成,O
,
个别,O
独立,B
基础,I
竖向,I
预留,I
柱,I
插筋,I
弯锚筋,I
长度,O
不足,O
，,O
要求,O
总包,O
【,O
中建,O
】,O
于,O
7月,O
29日,O
前,O
整改,O
完成,O
,
个别,O
钢筋笼,B
加劲,I
箍,I
间距,O
超,O
2,O
米,O
，,O
要求,O
总包,O
【,O
中建,O
】,O
于,O
7月,O
29日,O
前,O
整改,O
完成,O
,
个别,O
人工,B
挖孔桩,I
井圈,I
上,I
无,O
标识,B
，,O
要求,O
总包,O
【,O
中建,O
】,O
于,O
7月,O
29日,O
前,O
整改,O
完成,O
,
个别,O
旋挖桩,B
钢筋笼,I
吊装,O
时,O
扭曲,O
，,O
要求,O
总包,O
【,O
中建,O
】,O
于,O
7月,O
29日,O
前,O
整改,O
完成,O
,
人工,B
挖孔桩,I
个别,O
护臂,B
浇筑,O
不,O
够,O
圆,O
，,O
要求,O
总包,O
【,O
中建,O
】,O
于,O
7月,O
29日,O
前,O
整改,O
完成,O
,
Q3,B
区,I
支模,B
架体,I
站杆,I
垫方,I
与,O
地面,O
存在,O
间隙,O
，,O
要求,O
总包,O
【,O
中建,O
】,O
于,O
8月,O
5日,O
前,O
整改,O
完成,O
,
独立,B
基础,I
钢筋,I
施工,O
后,O
基坑壁,B
松散,O
岩石,O
掉落,O
坑底,B
，,O
要求,O
总包,O
【,O
中建,O
】,O
于,O
8月,O
5日,O
前,O
整改,O
完成,O
,
独立,B
基础,I
机械,O
开挖,O
后,O
，,O
坑壁,B
四周,I
碎石,O
清理,O
不,O
到位,O
，,O
要求,O
总包,O
【,O
中建,O
】,O
于,O
8月,O
5日,O
前,O
整改,O
完成,O
,
已经,O
加工,O
好,O
的,O
钢筋,B
直,I
螺纹,I
柱,I
插筋,I
保护帽,I
缺失,I
，,O
要求,O
总包,O
【,O
中建,O
】,O
于,O
8月,O
5日,O
前,O
整改,O
完成,O
,
人工,B
挖孔桩,I
偏位,O
，,O
要求,O
总包,O
【,O
中建,O
】,O
于,O
8月,O
5日,O
前,O
整改,O
完成,O
,
砼,B
浇筑,O
过程,O
中,O
试压,B
件,I
制作,O
不,O
及时,O
，,O
要求,O
总包,O
【,O
中建,O
】,O
从,O
新,O
对,O
试件,B
制作,O
人员,O
进行,O
交底,O
。,O
,
钢筋,B
直,I
螺纹,I
车丝,O
完成,O
后,O
打磨,O
不,O
当,O
损伤,O
丝牙,B
，,O
要求,O
总包,O
【,O
中建,O
】,O
于,O
8月,O
12日,O
前,O
整改,O
完成,O
,
柱,B
钢筋,I
电渣,I
压力焊,I
焊包,I
突出,O
高度,O
不足,O
，,O
要求,O
总包,O
【,O
中建,O
】,O
于,O
8月,O
12日,O
前,O
整改,O
完成,O
,
桩,B
钢筋笼,I
螺旋,I
箍,I
起始,O
未,O
达到,O
一,O
圈,O
半,O
，,O
要求,O
总包,O
【,O
中建,O
】,O
于,O
8月,O
12日,O
前,O
整改,O
完成,O
,
条基内,B
泥浆,B
、,O
矿泉水瓶,O
未,O
清理,O
干净,O
，,O
要求,O
总包,O
【,O
中建,O
】,O
于,O
8月,O
12日,O
前,O
整改,O
完成,O
,
止水,B
钢板,I
接头,I
位置,I
焊穿,O
，,O
要求,O
总包,O
【,O
中建,O
】,O
于,O
8月,O
12日,O
前,O
整改,O
完成,O
,
止水,B
螺杆,I
止水,I
片,I
未,O
居中,O
，,O
要求,O
总包,O
【,O
中建,O
】,O
于,O
8月,O
12日,O
前,O
整改,O
完成,O
,
柱,B
机械,I
连接,I
露,O
丝数,O
超过,O
规范,O
要求,O
，,O
要求,O
总包,O
【,O
中建,O
】,O
于,O
8月,O
12日,O
前,O
整改,O
完成,O
,
柱,B
起始,I
箍,I
超过,O
规范,O
要求,O
的,O
50mm,O
，,O
要求,O
总包,O
【,O
中建,O
】,O
于,O
8月,O
12日,O
前,O
整改,O
完成,O
,
Q3,B
区,I
B4,B
层,I
柱,B
竖向,I
钢筋,I
未,O
位于,O
箍筋,B
角部,I
，,O
要求,O
总包,O
【,O
中建,O
】,O
于,O
8月,O
20日,O
前,O
整改,O
完成,O
,
二级,B
平台,I
人工,I
挖孔桩,I
吊装,O
过程,O
中,O
破坏,O
严重,O
，,O
要求,O
总包,O
【,O
中建,O
】,O
于,O
8月,O
20日,O
前,O
整改,O
完成,O
,
Q3,B
区,I
B4,B
层,I
个别,O
柱子,B
未,O
设置,O
螺纹,B
保护帽,I
，,O
要求,O
总包,O
【,O
中建,O
】,O
于,O
8月,O
17日,O
前,O
整改,O
完成,O
,
Q3,B
区,I
B4,B
层,I
支模,B
架内,I
个别,O
剪刀撑,B
下部,I
未,O
锁,O
扣件,B
，,O
要求,O
总包,O
【,O
中建,O
】,O
于,O
8月,O
17日,O
前,O
整改,O
完成,O
,
Q3,B
区,I
B4,B
层,I
柱子,B
箍筋,I
设置,O
不均匀,O
，,O
要求,O
总包,O
【,O
中建,O
】,O
于,O
8月,O
20日,O
前,O
整改,O
完成,O
,
现场,O
钢筋笼,B
制作,O
过程,O
中,O
焊机,B
电流,O
过,O
大,O
伤害,O
主筋,B
，,O
要求,O
总包,O
【,O
中建,O
】,O
于,O
8月,O
27日,O
前,O
整改,O
完成,O
,
Q3,B
区,I
B4,B
层,I
钢筋,B
绑扎,O
跳绑,O
严重,O
，,O
要求,O
总包,O
【,O
中建,O
】,O
于,O
8月,O
25日,O
前,O
整改,O
完成,O
,
Q3,B
区,I
B4,B
层,I
个别,O
电渣,O
压力,O
焊,O
存在,O
偏心,O
现象,O
，,O
要求,O
总包,O
【,O
中建,O
】,O
于,O
8月,O
25日,O
前,O
整改,O
完成,O
,
现场,O
钢筋笼,B
制作,O
单面,O
搭接,O
焊,O
距离,O
不,O
满足,O
设计,O
及,O
规范,O
要求,O
，,O
要求,O
总包,O
【,O
中建,O
】,O
于,O
8月,O
27日,O
前,O
整改,O
完成,O
,
Q3,B
区,I
B4,B
层,I
顶部,I
缺少,O
水平杆,B
，,O
要求,O
总包,O
【,O
中建,O
】,O
于,O
9月,O
3日,O
前,O
整改,O
完成,O
,
Q2,B
区,I
独立,B
基础,I
浇筑,O
完成,O
后,O
养护,O
不,O
及时,O
，,O
要求,O
总包,O
【,O
中建,O
】,O
于,O
8月,O
30,O
日前,O
整改,O
完成,O
,
Q3,B
区,I
B4,B
层,I
支模架,B
扫地杆,I
未,O
连通,O
，,O
要求,O
总包,O
【,O
中建,O
】,O
于,O
8月,O
30,O
日前,O
整改,O
完成,O
,
Q3,B
区,I
B4,B
层,I
个别,O
机械,B
连接,I
外露,O
丝牙,B
过,O
多,O
，,O
要求,O
总包,O
【,O
中建,O
】,O
于,O
8月,O
30,O
日前,O
整改,O
完成,O
,
Q3,B
挡墙,B
施工,O
个别,O
拉钩,B
过长,O
",",O
要求,O
总包,O
【,O
中建,O
】,O
于,O
9月,O
1日,O
前,O
整改,O
完成,O
,
Q3,B
条形,B
基础,I
施工,B
钢筋,I
留置,O
不,O
符合,O
要求,O
",",O
要求,O
总包,O
【,O
中建,O
】,O
于,O
8月,O
31日,O
前,O
整改,O
完成,O
,
Q3,B
区,I
条形,B
基础,I
施工,B
连接,I
区域,I
未,O
进行,O
凿毛,O
",",O
要求,O
总包,O
【,O
中建,O
】,O
于,O
9月,O
3日,O
前,O
整改,O
完成,O
,
T3,B
筏板,B
基础,I
桩帽,I
凿,O
毛,O
不,O
充分,O
",",O
要求,O
总包,O
【,O
中建,O
】,O
于,O
9月,O
3日,O
前,O
整改,O
完成,O
,
T3,B
桩基,B
浇筑,O
完成,O
后,O
破坏,O
严重,O
，,O
成品,B
保护,O
质量,O
较,O
差,O
",",O
要求,O
总包,O
【,O
中建,O
】,O
于,O
9月,O
3日,O
前,O
整改,O
完成,O
,
T3,B
筏板,B
基础,I
钢筋,I
保护层,I
不足,O
",",O
要求,O
总包,O
【,O
中建,O
】,O
于,O
9月,O
3日,O
前,O
整改,O
完成,O
,
Q3,B
区,I
现场,O
柱帽,B
个别,O
箍筋,B
弯锚,O
长度,O
不足,O
",",O
要求,O
总包,O
【,O
中建,O
】,O
于,O
9月,O
1日,O
前,O
整改,O
完成,O
,
2,B
#,I
大门,I
入口处,I
套丝,B
加工区,I
无,O
直螺纹,B
套筒,I
连接,I
加工,O
要求,O
且,O
加工区,B
无,O
通规,O
和,O
止规,O
，,O
要求,O
总包,O
【,O
中建,O
】,O
于,O
9月,O
7日,O
前,O
整改,O
完成,O
,
2,B
#,I
大门,I
入口处,I
套丝,B
加工,I
区域,I
钢筋,B
套丝,I
有效,O
螺纹,B
数,O
不,O
满足,O
要求,O
，,O
要求,O
总包,O
【,O
中建,O
】,O
于,O
9月,O
7日,O
前,O
整改,O
完成,O
,
2,B
#,I
大门,I
入口处,I
钢筋,B
直,I
螺纹,I
套筒,I
连接,I
加工,B
区域,I
钢筋,B
车丝,O
完成,O
后,O
丝头,B
未,O
进行,O
打磨,O
且,O
直,B
螺纹,I
套筒,I
连接,I
丝头,I
未,O
进行,O
防护,O
，,O
要求,O
总包,O
【,O
中建,O
】,O
于,O
9月,O
7日,O
前,O
整改,O
完成,O
,
Q3,B
区,I
B4,B
层,I
柱帽,B
模板,I
存在,O
错缝,O
现象,O
，,O
要求,O
总包,O
【,O
中建,O
】,O
于,O
9月,O
7日,O
前,O
整改,O
完成,O
,
Q2,B
区,I
独立,B
基础,I
混凝土,I
浇筑,O
完成,O
后,O
养护,O
不,O
及时,O
",",O
要求,O
总包,O
【,O
中建,O
】,O
于,O
9月,O
6日,O
前,O
整改,O
完成,O
,
Q2,B
柱底,B
混凝土,B
凿,O
毛,O
不,O
充分,O
",",O
要求,O
总包,O
【,O
中建,O
】,O
于,O
9月,O
7日,O
前,O
整改,O
完成,O
,
Q3,B
区,I
电梯井,B
位置,I
防水,B
卷材,I
未,O
进行,O
保护,O
",",O
要求,O
总包,O
【,O
中建,O
】,O
于,O
9月,O
6日,O
前,O
整改,O
完成,O
,
Q3,B
区,I
电梯井,B
至,O
集水坑,B
的,O
预留,B
管道,I
堵塞,O
",",O
要求,O
总包,O
【,O
中建,O
】,O
于,O
9月,O
8日,O
前,O
整改,O
完成,O
,
Q2,B
区,I
独立,B
基础,I
钢筋,I
间距,O
不均匀,O
，,O
要求,O
总包,O
【,O
中建,O
】,O
于,O
9月,O
8日,O
前,O
整改,O
完成,O
,
T3,B
承台桩,B
未,O
剔凿,O
到位,O
，,O
要求,O
【,O
中建,O
】,O
于,O
9月,O
15日,O
前,O
整改,O
完成,O
,
T3,B
承台桩,B
钢筋笼,I
主筋,I
长度,O
不足,O
，,O
要求,O
【,O
中建,O
】,O
于,O
9月,O
14日,O
前,O
整改,O
完成,O
,
T3,B
承台,B
底板,I
钢筋,I
保护层,I
不足,O
，,O
要求,O
【,O
中建,O
】,O
于,O
9月,O
14日,O
前,O
整改,O
完成,O
,
T3,B
柱内,B
单肢,B
箍,I
未,O
形成,O
135,O
°,O
弯锚,O
",",O
要求,O
总包,O
【,O
中建,O
】,O
于,O
9月,O
14日,O
前,O
整改,O
完成,O
,
T3,B
柱,B
主筋,I
未,O
形成,O
错头,B
留置,O
,
要求,O
总包,O
【,O
中建,O
】,O
于,O
9月,O
14日,O
前,O
整改,O
完成,O
,
Q3,B
区,I
电梯井,B
凿,O
毛,O
后,O
建,O
渣,O
未,O
清理,O
要求,O
总包,O
【,O
中建,O
】,O
于,O
9月,O
15日,O
前,O
整改,O
完成,O
,
钢筋笼,B
放置,O
于,O
淤泥,O
上,O
，,O
未,O
采取,O
保护,O
措施,O
要求,O
总包,O
【,O
中建,O
】,O
于,O
9月,O
15日,O
前,O
整改,O
完成,O
,
Q3,B
区,I
支模架,B
搭设,O
顶部,B
搭接,I
不,O
符合,O
相关,O
规范,O
要求,O
总包,O
【,O
中建,O
】,O
于,O
9月,O
15日,O
前,O
整改,O
完成,O
,
Q3,B
区,I
主筋,B
未带,O
保护帽,B
，,O
要求,O
【,O
中建,O
】,O
于,O
9月,O
23日,O
前,O
整改,O
完成,O
,
T3,B
架空层,B
梁,B
钢筋,I
保护层,I
厚度,O
不足,O
，,O
要求,O
【,O
中建,O
】,O
于,O
9月,O
23日,O
前,O
整改,O
完成,O
,
Q3,B
区柱底,B
凿,O
毛,O
不,O
充分,O
，,O
要求,O
【,O
中建,O
】,O
于,O
9月,O
20日,O
前,O
整改,O
完成,O
,
Q3,B
区,I
柱,B
钢筋,I
绑扎,O
未,O
蹬,O
角,O
",",O
要求,O
总包,O
【,O
中建,O
】,O
于,O
9月,O
20日,O
前,O
整改,O
完成,O
,
Q1,B
区,I
止水,B
钢板,I
焊接,O
未,O
满,O
焊,O
，,O
要求,O
总包,O
【,O
中建,O
】,O
于,O
9月,O
21日,O
前,O
整改,O
完成,O
,
Q1,B
区,I
止水,B
钢板,I
搭接,O
方式,O
不,O
符合,O
要求,O
，,O
要求,O
总包,O
【,O
中建,O
】,O
于,O
9月,O
21日,O
前,O
整改,O
完成,O
,
Q1,B
区,I
条基,B
插筋,I
上,O
的,O
混凝土,B
块,I
未,O
进行,O
清理,O
，,O
要求,O
总包,O
【,O
中建,O
】,O
于,O
9月,O
21日,O
前,O
整改,O
完成,O
,
Q3,B
区,I
支模架,B
顶托,I
外露,O
过长,O
，,O
已,O
出现,O
倾斜,O
现象,O
，,O
要求,O
【,O
中建,O
】,O
于,O
9月,O
30,O
日前,O
整改,O
完成,O
,
Q3,B
区,I
支模架,B
水平杆,I
对接,O
在,O
同一个,O
跨度,O
内,O
，,O
要求,O
【,O
中建,O
】,O
于,O
9月,O
30,O
日前,O
整改,O
完成,O
,
Q3,B
区,I
暗梁,B
钢筋,I
未,O
蹬,O
角,O
，,O
要求,O
【,O
中建,O
】,O
于,O
9月,O
30,O
日前,O
整改,O
完成,O
,
Q3,B
区,I
柱,B
钢筋,I
上,O
的,O
砼,B
未,O
进行,O
清理,O
",",O
要求,O
总包,O
【,O
中建,O
】,O
于,O
9月,O
30,O
日前,O
整改,O
完成,O
,
Q3,B
区,I
挡土墙,B
模板,I
存在,O
爆模,O
现象,O
，,O
要求,O
总包,O
【,O
中建,O
】,O
于,O
9月,O
30,O
日前,O
整改,O
完成,O
,
阴雨,O
天气,O
钢筋,B
未,O
采取,O
防护,O
措施,O
，,O
要求,O
总包,O
【,O
中建,O
】,O
于,O
9月,O
27日,O
前,O
整改,O
完成,O
,
2,B
#,I
钢筋,I
加工房,I
个别,O
钢筋,B
车丝,O
完成,O
后,O
丝口,B
未,O
采取,O
保护,O
措施,O
，,O
要求,O
总包,O
【,O
中建,O
】,O
于,O
9月,O
27日,O
前,O
整改,O
完成,O
,
Q2,B
区,I
柱,B
钢筋,I
安装,O
单子,B
箍,I
弯钩,I
未弯,O
到,O
135,O
°,O
，,O
要求,O
总包,O
【,O
中建,O
】,O
于,O
9月,O
30,O
日前,O
整改,O
完成,O
,
T3,B
区域,I
三桩,B
平台,I
位置,I
架体,B
扫地杆,I
过,O
高,O
，,O
要求,O
总包,O
【,O
中建,O
】,O
于,O
9月,O
28,O
日前,O
整改,O
完成,O
,
T3,B
区域,I
三桩,B
平台,I
位置,I
上下,O
采用,O
顶托,B
进行,O
支撑,O
，,O
要求,O
总包,O
【,O
中建,O
】,O
于,O
9月,O
27日,O
前,O
整改,O
完成,O
,
T3,B
区域,I
三桩,B
平台,I
位置,I
立杆,B
悬空,O
未,O
落地,O
，,O
要求,O
总包,O
【,O
中建,O
】,O
于,O
9月,O
27日,O
前,O
整改,O
完成,O
,
T3,B
区域,I
支,B
模架,I
顶托,I
伸出,O
长度,O
过长,O
，,O
单钢管,B
，,O
要求,O
总包,O
【,O
中建,O
】,O
于,O
10月,O
13日,O
前,O
整改,O
完成,O
,
T3,B
区域,I
梁拉钩,B
未,O
绑扎,O
，,O
要求,O
总包,O
【,O
中建,O
】,O
于,O
10月,O
12日,O
前,O
整改,O
完成,O
,
Q3,B
-,I
7,I
区,I
B2,B
层,I
梁,B
交接处,I
下部,I
未,O
支撑,O
，,O
要求,O
总包,O
【,O
中建,O
】,O
于,O
10月,O
13日,O
前,O
整改,O
完成,O
,
Q3,B
-,I
7,I
区,I
B3,B
层,I
挡墙,B
上部,I
未,O
使用,O
锁口方,B
，,O
要求,O
总包,O
【,O
中建,O
】,O
于,O
10月,O
13日,O
前,O
整改,O
完成,O
,
Q3,B
-,I
7,I
区,I
B3,B
层,I
挡墙,B
模板,I
存在,O
错缝,O
现象,O
，,O
要求,O
总包,O
【,O
中建,O
】,O
于,O
10月,O
13日,O
前,O
整改,O
完成,O
,
Q1,B
区,I
挡土墙,B
外侧,I
拉筋,B
未,O
绑,O
牢固,O
，,O
要求,O
总包,O
【,O
中建,O
】,O
于,O
10月,O
12日,O
前,O
整改,O
完成,O
,
Q1,B
区,I
转角墙,B
暗柱,I
箍筋,I
间距,O
不均匀,O
，,O
要求,O
总包,O
【,O
中建,O
】,O
于,O
10月,O
12日,O
前,O
整改,O
完成,O
,
Q3,B
-,I
6,I
区,I
B3,B
层,I
柱,B
主筋,I
混凝土,I
未,O
清理,O
，,O
要求,O
总包,O
【,O
中建,O
】,O
于,O
10月,O
13日,O
前,O
整改,O
完成,O
,
T3,B
区,I
B3,B
层,I
梁,B
偏位,O
，,O
保护层,B
不均匀,O
，,O
要求,O
总包,O
【,O
中建,O
】,O
于,O
10月,O
12日,O
前,O
整改,O
完成,O
,
Q2,B
区域,I
回填,O
粒径,O
较,O
大,O
，,O
要求,O
总包,O
【,O
中建,O
】,O
于,O
10月,O
18,O
日前,O
整改,O
完成,O
,
Q2,B
区域,I
模板,B
间隙,I
过,O
大,O
，,O
要求,O
总包,O
【,O
中建,O
】,O
于,O
10月,O
20日,O
前,O
整改,O
完成,O
,
Q2,B
区域,I
板面,B
钢筋,I
未,O
设置,O
马凳,B
和,O
垫块,B
，,O
要求,O
总包,O
【,O
中建,O
】,O
于,O
10月,O
18,O
日前,O
整改,O
完成,O
,
Q3,B
区,I
模板,B
间隙,I
过,O
大,O
，,O
要求,O
总包,O
【,O
中建,O
】,O
于,O
10月,O
20日,O
前,O
整改,O
完成,O
,
Q3,B
区,I
支模架,B
扫地杆,I
未,O
连通,O
，,O
要求,O
总包,O
【,O
中建,O
】,O
于,O
10月,O
18,O
日前,O
整改,O
完成,O
,
Q1,B
区,I
暗梁,B
钢筋,I
保护层,I
过,O
大,O
，,O
要求,O
总包,O
【,O
中建,O
】,O
于,O
10月,O
20日,O
前,O
整改,O
完成,O
,
Q1,B
区,I
模板,B
支撑,I
系统,I
悬空杆,I
，,O
要求,O
总包,O
【,O
中建,O
】,O
于,O
10月,O
18,O
日前,O
整改,O
完成,O
,
T3,B
区,I
梁,B
钢筋,I
未,O
设置,O
垫块,B
，,O
要求,O
总包,O
【,O
中建,O
】,O
于,O
10月,O
18,O
日前,O
整改,O
完成,O
,
T3,B
区,I
板面,B
模板,I
拼缝,I
过,O
大,O
，,O
要求,O
总包,O
【,O
中建,O
】,O
于,O
10月,O
20日,O
前,O
整改,O
完成,O
,
Q1,B
人防,B
预留,I
门洞,I
钢筋,I
加强,O
，,O
要求,O
总包,O
【,O
中建,O
】,O
于,O
10月,O
20日,O
前,O
整改,O
完成,O
,
Q1,B
区,I
钢筋,B
加工房,I
钢筋,B
原材,I
直接,O
堆放,O
于,O
裸土,O
上,O
，,O
要求,O
总包,O
【,O
中建,O
】,O
于,O
10月,O
28,O
日前,O
整改,O
完成,O
,
Q3,B
区,I
后浇带,B
区域,I
架体,B
搭设,O
不,O
满足,O
要求,O
，,O
要求,O
总包,O
【,O
中建,O
】,O
于,O
10月,O
28,O
日前,O
整改,O
完成,O
,
Q3,B
区,I
3,B
#,I
塔吊,I
部位,I
结构,B
边缘,I
杂物,O
未,O
进行,O
清理,O
且,O
未,O
采用,O
立杆,B
进行,O
回顶,O
，,O
要求,O
总包,O
【,O
中建,O
】,O
于,O
10月,O
28,O
日前,O
整改,O
完成,O
,
Q3,B
区,I
北侧,I
挡墙,B
同一个,O
部位,O
有,O
2,O
条,O
1m,O
线,O
，,O
要求,O
总包,O
【,O
中建,O
】,O
于,O
10月,O
28,O
日前,O
整改,O
完成,O
,
Q3,B
区,I
B4,B
层,I
楼层,B
内,I
照明,O
不足,O
，,O
要求,O
总包,O
【,O
中建,O
】,O
于,O
10月,O
28,O
日前,O
整改,O
完成,O
,
Q2,B
区,I
材料,B
堆码,O
混乱,O
，,O
要求,O
总包,O
【,O
中建,O
】,O
于,O
10月,O
28,O
日前,O
整改,O
完成,O
,
Q3,B
-,I
3,I
区,I
B4,B
层,I
顶托,B
外露,O
过长,O
，,O
要求,O
总包,O
【,O
中建,O
】,O
于,O
10月,O
28,O
日前,O
整改,O
完成,O
,
Q3,B
-,I
5,I
、,I
6,I
区,I
B1,B
层,I
支模架,B
立杆,I
搭接,O
在,O
同一个,O
区域,O
，,O
要求,O
总包,O
【,O
中建,O
】,O
于,O
10月,O
28,O
日前,O
整改,O
完成,O
,
T2,B
-,I
1,I
区,I
柱,B
钢筋,I
直,I
螺纹,I
未,O
带,O
上,O
保护罩,B
，,O
要求,O
总包,O
【,O
中建,O
】,O
于,O
11月,O
5日,O
前,O
整改,O
完成,O
,
Q2,B
-,I
6,I
B,I
1,I
层,I
柱,B
钢筋,I
箍筋,I
间距,O
不均匀,O
，,O
要求,O
总包,O
【,O
中,O
建,O
】,O
于,O
11,O
月,O
5,O
日,O
前,O
整改,O
完成,O
,
Q2,B
-,I
6,I
B,I
1,I
层,I
柱底部,B
凿,O
毛,O
未,O
到位,O
，,O
要求,O
总包,O
【,O
中,O
建,O
】,O
于,O
11,O
月,O
5,O
日,O
前,O
整改,O
完成,O
,
Q3,B
-,I
3,I
立杆,B
悬空,O
未,O
落地,O
，,O
要求,O
总包,O
【,O
中,O
建,O
】,O
于,O
11,O
月,O
5,O
日,O
前,O
整改,O
完成,O
,
Q3,B
-,I
5,I
板面,B
立杆,I
置于,O
后浇带,B
上,O
，,O
要求,O
总包,O
【,O
中,O
建,O
】,O
于,O
11,O
月,O
5,O
日,O
前,O
整改,O
完成,O
,
Q3,B
-,I
7,I
梁底部,B
未,O
设置,O
垫块,B
，,O
【,O
中,O
建,O
】,O
于,O
11,O
月,O
5,O
日,O
前,O
整改,O
完成,O
,
Q3,B
-,I
7,I
梁底部,B
边模,B
拼缝,I
过,O
大,O
【,O
中,O
建,O
】,O
于,O
11,O
月,O
6,O
日,O
前,O
整改,O
完成,O
,
T3,B
梁箍筋,B
倾斜,O
严重,O
",",O
【,O
中建,O
】,O
于,O
11月,O
4日,O
前,O
整改,O
完成,O
,
Q2,B
区,I
消防,B
水池,I
墙,I
使用,O
瘸盘,B
，,O
要求,O
总包,O
【,O
中建,O
】,O
于,O
11月,O
10日,O
前,O
整改,O
完成,O
,
Q2,B
区,I
梁,B
内,I
垃圾,O
，,O
要求,O
总包,O
【,O
中建,O
】,O
于,O
11月,O
10日,O
前,O
整改,O
完成,O
,
Q2,B
区,I
柱,B
底部,I
对拉,B
螺杆,I
未,O
设置,O
双螺帽,B
",",O
要求,O
总包,O
【,O
中建,O
】,O
于,O
11月,O
10日,O
前,O
整改,O
完成,O
,
T3,B
区,I
北侧,I
车道柱,B
底部,I
凿,O
毛,O
未,O
剔凿,O
到位,O
，,O
要求,O
总包,O
【,O
中建,O
】,O
于,O
11月,O
10日,O
前,O
整改,O
完成,O
,
T3,B
区,I
南侧,I
梁,B
底部,I
模板,B
拼缝,I
过,O
大,O
",",O
要求,O
总包,O
【,O
中建,O
】,O
于,O
11月,O
10日,O
前,O
整改,O
完成,O
,
Q3,B
区,I
支模架,B
扫地杆,I
未,O
联通,O
",",O
要求,O
总包,O
【,O
中建,O
】,O
于,O
11月,O
9日,O
前,O
整改,O
完成,O
,
Q3,B
区,I
梁,B
箍筋,I
肢数,O
未,O
设置,O
到位,O
，,O
要求,O
总包,O
【,O
中建,O
】,O
于,O
11月,O
9日,O
前,O
整改,O
完成,O
,
Q3,B
区,I
梁截面,B
尺寸,O
不足,O
，,O
要求,O
总包,O
【,O
中建,O
】,O
于,O
11月,O
9日,O
前,O
整改,O
完成,O
,
T3,B
-,I
1,I
区,I
B3,B
层,I
梁,B
保护层,I
过,O
大,O
，,O
要求,O
总包,O
【,O
中建,O
】,O
于,O
11月,O
21日,O
前,O
整改,O
完成,O
,
T3,B
区,I
B1,B
层,I
立杆,B
悬空,O
未,O
落地,O
，,O
要求,O
总包,O
【,O
中建,O
】,O
于,O
11月,O
21日,O
前,O
整改,O
完成,O
,
Q1,B
-,I
3,I
区,I
并,O
B4,B
-,I
B3,I
层,I
楼梯,B
通道,I
架体,I
未,O
搭,O
设,O
扫地杆,B
，,O
要求,O
总包,O
【,O
中建,O
】,O
于,O
11月,O
21日,O
前,O
整改,O
完成,O
,
Q1,B
-,I
2,I
区,I
B2,B
层,I
挡墙,B
吊模,I
线条,I
不,O
平直,O
，,O
要求,O
总包,O
【,O
中建,O
】,O
于,O
11月,O
21日,O
前,O
整改,O
完成,O
,
Q2,B
-,I
4,I
区,I
B2,B
层,I
柱帽,B
存在,O
错缝,O
现象,O
，,O
要求,O
总包,O
【,O
中建,O
】,O
于,O
11月,O
21日,O
前,O
整改,O
完成,O
,
Q2,B
区,I
制作,O
成型,O
的,O
钢筋,B
直接,O
堆放,O
于,O
泥泞,O
上,O
，,O
要求,O
总包,O
【,O
中建,O
】,O
于,O
11月,O
21日,O
前,O
整改,O
完成,O
,
Q2,B
区,I
制作,O
成型,O
的,O
钢筋,B
直接,O
堆放,O
于,O
泥泞,O
上,O
，,O
要求,O
总包,O
【,O
中建,O
】,O
于,O
11月,O
21日,O
前,O
整改,O
完成,O
,
Q3,B
-,I
3,I
区,I
B3,B
层,I
梁底,B
钢筋,B
保护层,I
过,O
大,O
，,O
要求,O
总包,O
【,O
中建,O
】,O
于,O
11月,O
21日,O
前,O
整改,O
完成,O
,
Q1,B
-,I
3,I
区,I
B3,B
层,I
模板,B
拼缝,I
过,O
大,O
，,O
要求,O
总包,O
【,O
中建,O
】,O
于,O
11月,O
26日,O
前,O
整改,O
完成,O
,
Q1,B
-,I
3,I
区,I
B3,B
层,I
剪力墙,B
上,O
套管,B
周边,I
钢筋,B
未,O
加强,O
，,O
要求,O
总包,O
【,O
中建,O
】,O
于,O
11月,O
26日,O
前,O
整改,O
完成,O
,
Q1,B
-,I
3,I
区,I
B3,B
层,I
剪力墙,B
钢筋,I
偏位,O
严重,O
，,O
要求,O
总包,O
【,O
中建,O
】,O
于,O
11月,O
26日,O
前,O
整改,O
完成,O
,
Q2,B
-,I
2,I
区,I
B2,B
层,I
楼梯,B
梁,I
未,O
采用,O
立杆,B
支撑,O
，,O
要求,O
总包,O
【,O
中建,O
】,O
于,O
11月,O
26日,O
前,O
整改,O
完成,O
,
Q2,B
-,I
2,I
区,I
高支模,B
区域,I
未,O
悬挂,O
防护,B
兜网,I
，,O
要求,O
总包,O
【,O
中建,O
】,O
于,O
11月,O
26日,O
前,O
整改,O
完成,O
,
Q2,B
-,I
1,I
区,I
B2,B
层,I
车道,B
位置,I
支,B
模架,I
区域,I
剪刀撑,B
不足,O
，,O
要求,O
总包,O
【,O
中建,O
】,O
于,O
11月,O
26日,O
前,O
整改,O
完成,O
,
Q3,B
区,I
钢筋,B
放置,O
在,O
泥土,O
里面,O
，,O
要求,O
总包,O
【,O
中建,O
】,O
于,O
11月,O
26日,O
前,O
整改,O
完成,O
,
Q3,B
-,I
7,I
区,I
L1,B
层,I
防,O
高低,O
标号,O
串号,O
的,O
钢丝网,B
未,O
绑扎,O
，,O
要求,O
总包,O
【,O
中建,O
】,O
于,O
11月,O
26日,O
前,O
整改,O
完成,O
,
T2,B
区,I
西侧,I
三桩,B
承台桩,I
主筋,I
被,O
破坏,O
，,O
要求,O
总包,O
【,O
中建,O
】,O
于,O
11月,O
26日,O
前,O
整改,O
完成,O
,
T3,B
区,I
B1,B
层,I
柱子,B
底部,I
存在,O
扣件,B
未,O
清理,O
，,O
要求,O
总包,O
【,O
中建,O
】,O
于,O
11月,O
24日,O
前,O
整改,O
完成,O
,
T2,B
北侧,I
三桩,B
平台,I
柱底,I
凿,O
毛,O
不,O
充分,O
，,O
要求,O
总包,O
【,O
中建,O
】,O
于,O
11月,O
26日,O
前,O
整改,O
完成,O
,
Q1,B
-,I
3,I
区,I
B3,B
层,I
主次,B
梁,I
箍筋,I
加强,O
少箍,O
，,O
要求,O
总包,O
【,O
中建,O
】,O
于,O
12月,O
4日,O
前,O
整改,O
完成,O
,
Q1,B
-,I
1,I
区,I
基础,B
挡墙,I
止水,I
钢板,I
浇筑,O
过,O
高,O
，,O
要求,O
总包,O
【,O
中建,O
】,O
于,O
12月,O
4日,O
前,O
整改,O
完成,O
,
Q2,B
-,I
3,I
区,I
基础,B
桩头,I
凿,O
毛,O
不足,O
，,O
要求,O
总包,O
【,O
中建,O
】,O
于,O
12月,O
4日,O
前,O
整改,O
完成,O
,
Q3,B
-,I
7,I
区,I
L1,B
层,I
吊模,B
使用,O
木方,B
支撑,O
，,O
要求,O
总包,O
【,O
中建,O
】,O
于,O
12月,O
4日,O
前,O
整改,O
完成,O
,
Q2,B
-,I
5,I
区,I
B4,B
层,I
钢筋,B
绑扎,O
不,O
规范,O
，,O
要求,O
总包,O
【,O
中建,O
】,O
于,O
12月,O
4日,O
前,O
整改,O
完成,O
,
Q3,B
-,I
7,I
区,I
L1,B
层,I
穿墙,B
套管,I
钢筋,I
未,O
加强,O
，,O
要求,O
总包,O
【,O
中建,O
】,O
于,O
12月,O
4日,O
前,O
整改,O
完成,O
,
Q3,B
区,I
B1,B
层,I
挡墙,B
加固,O
未,O
设置,O
斜撑,B
，,O
要求,O
总包,O
【,O
中建,O
】,O
于,O
12月,O
4日,O
前,O
整改,O
完成,O
,
T3,B
-,I
1,I
区,I
B3,B
层,I
电渣,O
压力,O
焊,O
钢筋,B
错位,O
，,O
要求,O
总包,O
【,O
中建,O
】,O
于,O
12月,O
4日,O
前,O
整改,O
完成,O
,
T3,B
区,I
钢筋,B
保护层,I
垫块,I
过,O
少,O
，,O
要求,O
总包,O
【,O
中建,O
】,O
于,O
12月,O
4日,O
前,O
整改,O
完成,O
,
Q1,B
-,I
3B3,I
层区,I
止水,B
钢板,I
未,O
居中,O
，,O
要求,O
总包,O
【,O
中建,O
】,O
于,O
12月,O
11日,O
前,O
整改,O
完成,O
,
Q1,B
-,I
7,I
区,I
墙,B
底部,I
未,O
清理,O
，,O
要求,O
总包,O
【,O
中建,O
】,O
于,O
12月,O
11日,O
前,O
整改,O
完成,O
,
Q2,B
-,I
3,I
区,I
柱,B
底部,I
露筋,O
，,O
要求,O
总包,O
【,O
中建,O
】,O
于,O
12月,O
11日,O
前,O
整改,O
完成,O
,
Q3,B
-,I
1B3,I
层,I
板,B
筋,I
保护层,I
不足,O
，,O
要求,O
总包,O
【,O
中建,O
】,O
于,O
12月,O
11日,O
前,O
整改,O
完成,O
,
Q3,B
-,I
1,I
区,I
B3,B
层,I
柱,B
底部,I
主筋,B
偏位,O
未,O
调整,O
，,O
要求,O
总包,O
【,O
中建,O
】,O
于,O
12月,O
11日,O
前,O
整改,O
完成,O
,
Q3,B
-,I
3,I
区,I
B3,B
层,I
支模架,B
底部,I
对拉,B
螺杆,I
未,O
使用,O
双,B
蝴蝶,I
卡扣,I
，,O
要求,O
总包,O
【,O
中建,O
】,O
于,O
12月,O
11日,O
前,O
整改,O
完成,O
,
T2,B
-,I
1,I
区,I
地,B
梁,I
连接处,I
未,O
凿,O
毛,O
，,O
要求,O
总包,O
【,O
中建,O
】,O
于,O
12月,O
11日,O
前,O
整改,O
完成,O
,
T2,B
架空层,I
立杆,B
顶部,I
使用,O
扣件,B
，,O
要求,O
总包,O
【,O
中建,O
】,O
于,O
12月,O
11日,O
前,O
整改,O
完成,O
,
Q1,B
-,I
7B3,I
层区,I
止水,B
钢板,I
浇筑,O
高度,O
未,O
进行,O
控制,O
，,O
要求,O
总包,O
【,O
中建,O
】,O
于,O
12月,O
18,O
日前,O
整改,O
完成,O
,
Q2,B
-,I
1,I
区,I
B2,B
层,I
止水,B
钢筋,I
未,O
四面,O
满焊,O
，,O
要求,O
总包,O
【,O
中建,O
】,O
于,O
12月,O
18,O
日前,O
整改,O
完成,O
,
Q2,B
-,I
5,I
区,I
B3,B
层,I
立杆,B
悬空,O
，,O
要求,O
总包,O
【,O
中建,O
】,O
于,O
12月,O
18,O
日前,O
整改,O
完成,O
,
Q2,B
-,I
1,I
区,I
B2,B
层,I
板,B
面,I
箍筋,I
肢数,O
不足,O
，,O
要求,O
总包,O
【,O
中建,O
】,O
于,O
12月,O
18,O
日前,O
整改,O
完成,O
,
Q3,B
-,I
3,I
区,I
B1,B
层,I
梁底,B
建,O
渣,O
未,O
清理,O
，,O
要求,O
总包,O
【,O
中建,O
】,O
于,O
12月,O
18,O
日前,O
整改,O
完成,O
,
Q3,B
-,I
3,I
区,I
B1,B
层,I
梁,B
倾斜,O
严重,O
，,O
要求,O
总包,O
【,O
中建,O
】,O
于,O
12月,O
18,O
日前,O
整改,O
完成,O
,
T2,B
区,I
立杆,B
底部,I
悬空,O
，,O
要求,O
总包,O
【,O
中建,O
】,O
于,O
12月,O
18,O
日前,O
整改,O
完成,O
,
T3,B
区,I
B3,B
层,I
立杆,B
回顶,I
扫地杆,I
被,O
拆除,O
，,O
要求,O
总包,O
【,O
中建,O
】,O
于,O
12月,O
18,O
日前,O
整改,O
完成,O
,
T,B
楼,I
钢筋房,B
机械,B
连接,I
丝牙,I
未,O
佩戴,O
保护帽,B
，,O
要求,O
总包,O
【,O
中建,O
】,O
于,O
12月,O
23日,O
前,O
整改,O
完成,O
,
T2,B
区,I
B3,B
层,I
模板,B
孔洞,I
较,O
多,O
，,O
要求,O
总包,O
【,O
中建,O
】,O
于,O
12月,O
24日,O
前,O
整改,O
完成,O
,
T2,B
区,I
B3,B
层,I
穿梁,B
套管,I
未,O
按,O
设计,O
要求,O
进行,O
加强,O
，,O
要求,O
总包,O
【,O
中建,O
】,O
于,O
12月,O
25日,O
前,O
整改,O
完成,O
,
Q2,B
-,I
5,I
区,I
B2,B
层,I
梁底,B
存在,O
杂物,O
，,O
要求,O
总包,O
【,O
中建,O
】,O
于,O
12月,O
21日,O
前,O
整改,O
完成,O
,
Q2,B
-,I
4,I
区,I
B2,B
层,I
施工,B
缝,I
位置,I
回顶,B
不,O
符合,O
要求,O
，,O
要求,O
总包,O
【,O
中建,O
】,O
于,O
12月,O
25日,O
前,O
整改,O
完成,O
,
Q3,B
-,I
1,I
区,I
B2,B
层,I
模板,B
拼缝,I
过,O
大,O
，,O
要求,O
总包,O
【,O
中建,O
】,O
于,O
12月,O
22日,O
前,O
整改,O
完成,O
,
Q3,B
-,I
1,I
区,I
B2,B
层,I
柱帽,B
附加,I
钢筋,I
锚固,O
长度,O
不足,O
，,O
要求,O
总包,O
【,O
中建,O
】,O
于,O
12月,O
22日,O
前,O
整改,O
完成,O
,
Q1,B
-,I
7,I
区,I
B3,B
层,I
梁,B
箍筋,I
偏位,O
严重,O
且,O
绑扎,O
不,O
牢固,O
，,O
要求,O
总包,O
【,O
中建,O
】,O
于,O
12月,O
23日,O
前,O
整改,O
完成,O
,
Q1,B
-,I
3,I
区,I
B3,B
层,I
挡墙,B
上口,I
模板,I
无,O
封口方,B
，,O
要求,O
总包,O
【,O
中建,O
】,O
于,O
12月,O
23日,O
前,O
整改,O
完成,O
,
Q3,B
-,I
5,I
区,I
L1,B
层,I
后浇带,B
内,O
杂物,O
未,O
及时,O
清理,O
，,O
要求,O
总包,O
【,O
中建,O
】,O
于,O
12月,O
23日,O
前,O
整改,O
完成,O
,
Q3,B
-,I
1,I
区,I
B2,B
层,I
卸料,B
平台,I
留设,O
不,O
满足,O
方案,O
要求,O
，,O
要求,O
总包,O
【,O
中建,O
】,O
于,O
12月,O
23日,O
前,O
整改,O
完成,O
,
Q1,B
-,I
7,I
区,I
B3,B
层,I
板,B
柱帽,I
拼缝,I
过,O
大,O
，,O
要求,O
总包,O
【,O
中建,O
】,O
于,O
12月,O
29日,O
前,O
整改,O
完成,O
,
Q1,B
-,I
4,I
区,I
B3,B
层,I
柱底,B
杂物,O
未,O
清理,O
干净,O
，,O
要求,O
总包,O
【,O
中建,O
】,O
于,O
12月,O
29日,O
前,O
整改,O
完成,O
,
Q1,B
-,I
4,I
区,I
B3,B
层,I
柱,B
模板,I
错台,O
，,O
要求,O
总包,O
【,O
中建,O
】,O
于,O
12月,O
29日,O
前,O
整改,O
完成,O
,
Q2,B
-,I
3,I
区,I
B3,B
层,I
梁,B
钢筋,I
机械,I
连接,I
外露,O
丝牙,B
过,O
多,O
，,O
要求,O
总包,O
【,O
中建,O
】,O
于,O
12月,O
30,O
日前,O
整改,O
完成,O
,
Q2,B
-,I
3,I
区,I
B3,B
层,I
梁,B
钢筋,I
箍筋,I
不,O
满足,O
要求,O
，,O
要求,O
总包,O
【,O
中建,O
】,O
于,O
12月,O
31日,O
前,O
整改,O
完成,O
,
Q2,B
-,I
3,I
区,I
B3,B
层,I
梁底,B
钢筋,B
未,O
绑扎,O
，,O
要求,O
总包,O
【,O
中建,O
】,O
于,O
12月,O
31日,O
前,O
整改,O
完成,O
,
Q3,B
-,I
2,I
区,I
B2,B
层,I
柱帽,B
钢筋,I
锚固,O
长度,O
不足,O
，,O
要求,O
总包,O
【,O
中建,O
】,O
于,O
12月,O
31日,O
前,O
整改,O
完成,O
,
Q3,B
区,I
钢筋,B
加工房,I
机械,B
连接,I
接头,I
未,O
佩戴,O
保护帽,B
，,O
要求,O
总包,O
【,O
中建,O
】,O
于,O
12月,O
28,O
日前,O
整改,O
完成,O
,
Q3,B
区,I
砼,B
养护,I
记录牌,I
未,O
及时,O
进行,O
更新,O
，,O
要求,O
总包,O
【,O
中建,O
】,O
于,O
12月,O
29日,O
前,O
整改,O
完成,O
,
T2,B
区,I
B3,B
层,I
立杆,B
悬空,O
未,O
落地,O
，,O
要求,O
总包,O
【,O
中建,O
】,O
于,O
12月,O
29日,O
前,O
整改,O
完成,O
,
T3,B
区,I
L2,B
层,I
梁,B
钢筋,I
未,O
进行,O
弯锚,O
，,O
要求,O
总包,O
【,O
中建,O
】,O
于,O
12月,O
29日,O
前,O
整改,O
完成,O
,
Q1,B
-,I
3,I
B,I
3,I
层,I
外挡,B
墙,I
止水钢板,I
未,O
进行,O
四面,O
满,O
焊,O
，,O
要求,O
总包,O
【,O
中,O
建,O
】,O
于,O
1,O
月,O
8,O
日,O
前,O
整改,O
完成,O
,
Q1,B
-,I
7,I
B,I
3,I
层,I
顶托,B
伸出,O
过,O
长,O
，,O
要求,O
总包,O
【,O
中,O
建,O
】,O
于,O
1,O
月,O
6,O
日,O
前,O
整改,O
完成,O
,
Q2,B
-,I
3B2,I
层,I
柱,B
主筋,I
直,I
螺纹,I
未,O
佩戴,O
保护罩,B
，,O
要求,O
总包,O
【,O
中建,O
】,O
于,O
1月,O
5日,O
前,O
整改,O
完成,O
,
Q3,B
-,I
3,I
B,I
2,I
层,I
柱,B
主筋,I
被,O
焊,O
断,O
，,O
要求,O
总包,O
【,O
中,O
建,O
】,O
于,O
1,O
月,O
5,O
日,O
前,O
整改,O
完成,O
,
Q3,B
-,I
3,I
B,I
2,I
层,I
梁钢筋,B
直,I
螺纹,I
连接,O
外露,O
丝牙,B
过,O
多,O
，,O
要求,O
总包,O
【,O
中,O
建,O
】,O
于,O
1,O
月,O
5,O
日,O
前,O
整改,O
完成,O
,
Q3,B
-,I
3,I
B,I
2,I
层,I
柱,B
钢筋,I
少,O
单肢,B
箍,I
，,O
要求,O
总包,O
【,O
中,O
建,O
】,O
于,O
1,O
月,O
5,O
日,O
前,O
整改,O
完成,O
,
Q3,B
-,I
4,I
接桩,B
凿,O
毛,O
未,O
凿,O
设,O
到位,O
，,O
要求,O
总包,O
【,O
中建,O
】,O
于,O
1月,O
5日,O
前,O
整改,O
完成,O
,
T3,B
区,I
L2,B
层,I
支模架,B
扫地杆,I
过,O
高,O
，,O
要求,O
总包,O
【,O
中建,O
】,O
于,O
1月,O
6日,O
前,O
整改,O
完成,O
,
T3,B
区,I
L1,B
层,I
柱,B
底部,I
未,O
浇筑,O
密实,O
，,O
要求,O
总包,O
【,O
中建,O
】,O
于,O
1月,O
5日,O
前,O
整改,O
完成,O
,
Q1,B
-,I
3,I
区,I
B1,B
层,I
墙柱,B
未,O
凿,O
毛,O
，,O
要求,O
总包,O
【,O
中建,O
】,O
于,O
1月,O
10日,O
前,O
整改,O
完成,O
,
Q1,B
-,I
5,I
区,I
B3,B
层内,I
架,B
立杆,I
悬空,O
，,O
要求,O
总包,O
【,O
中建,O
】,O
于,O
1月,O
10日,O
前,O
整改,O
完成,O
,
Q2,B
-,I
3,I
区,I
B2,B
层,I
梁主筋,B
直,I
螺纹,I
外露,O
丝牙,B
过,O
多,O
，,O
要求,O
总包,O
【,O
中建,O
】,O
于,O
1月,O
11日,O
前,O
整改,O
完成,O
,
Q2,B
-,I
1,I
区,I
L1,B
层,I
梁柱,B
边,I
少,O
箍筋,B
，,O
要求,O
总包,O
【,O
中建,O
】,O
于,O
1月,O
11日,O
前,O
整改,O
完成,O
,
Q2,B
-,I
1,I
区,I
L1,B
层,I
梁,B
钢筋,I
主次,B
梁,I
交接处,I
箍筋,B
加密,O
肢数,O
不足,O
，,O
要求,O
总包,O
【,O
中建,O
】,O
于,O
1月,O
11日,O
前,O
整改,O
完成,O
,
Q3,B
-,I
2,I
B,I
2,I
层,I
板,B
模板,I
拼缝,I
过,O
大,O
，,O
要求,O
总包,O
【,O
中,O
建,O
】,O
于,O
1,O
月,O
11,O
日,O
前,O
整改,O
完成,O
,
Q3,B
-,I
2,I
区,I
B,B
2,I
层,I
柱帽,B
附加,I
筋,I
锚固,O
长度,O
不,O
足,O
，,O
要求,O
总包,O
【,O
中,O
建,O
】,O
于,O
1,O
月,O
11,O
日,O
前,O
整改,O
完成,O
,
Q3,B
-,I
2,I
区,I
B2,B
层,I
直螺纹,B
连接,I
未,O
错头,O
，,O
要求,O
总包,O
【,O
中建,O
】,O
于,O
1月,O
11日,O
前,O
整改,O
完成,O
,
T2,B
-,I
1,I
区,I
L1,B
层,I
梁,B
底部,I
主筋,B
未,O
绑扎,O
，,O
垫块,B
缺失,O
，,O
要求,O
总包,O
【,O
中建,O
】,O
于,O
1月,O
11日,O
前,O
整改,O
完成,O
,
T3,B
区,I
L2,B
层,I
梁底,B
支模架,B
立杆,I
顶部,I
未,O
使用,O
顶托,B
，,O
要求,O
总包,O
【,O
中建,O
】,O
于,O
1月,O
11日,O
前,O
整改,O
完成,O
,
T2,B
-,I
1,I
区,I
B1,B
层,I
梁,B
内,I
未,O
进行,O
凿毛,O
，,O
要求,O
总包,O
【,O
中建,O
】,O
于,O
1月,O
21日,O
前,O
整改,O
完成,O
,
T2,B
-,I
1,I
区,I
B1,B
层,I
结构,B
梁,I
加密箍,I
支数,O
不,O
满足,O
要求,O
，,O
要求,O
总包,O
【,O
中建,O
】,O
于,O
1月,O
21日,O
前,O
整改,O
完成,O
,
T3,B
区,I
L3,B
层,I
梁,B
内,I
存在,O
杂物,O
，,O
要求,O
总包,O
【,O
中建,O
】,O
于,O
1月,O
20日,O
前,O
整改,O
完成,O
,
T2,B
-,I
1,I
区,I
B1,B
层,I
梁,B
未,O
设置,O
封口方,B
模板,B
不,O
平直,O
，,O
要求,O
总包,O
【,O
中建,O
】,O
于,O
1月,O
22日,O
前,O
整改,O
完成,O
,
Q1,B
-,I
4,I
区,I
B2,B
层,I
结构板,B
模板,I
拼缝,I
过,O
大,O
，,O
要求,O
总包,O
【,O
中建,O
】,O
于,O
1月,O
20日,O
前,O
整改,O
完成,O
,
Q1,B
-,I
2,I
区,I
L1,B
层,I
钢筋,B
未,O
进行,O
防锈,O
处理,O
，,O
要求,O
总包,O
【,O
中建,O
】,O
于,O
1月,O
22日,O
前,O
整改,O
完成,O
,
Q1,B
-,I
3,I
区,I
B1,B
层,I
柱底,B
背楞,B
未,O
使用,O
双,B
蝴蝶,I
卡扣,I
，,O
要求,O
总包,O
【,O
中建,O
】,O
于,O
1月,O
20日,O
前,O
整改,O
完成,O
,
Q2,B
-,I
5,I
区,I
B1,B
层,I
结构,B
穿梁,I
套管,I
未,O
加强,O
，,O
要求,O
总包,O
【,O
中建,O
】,O
于,O
1月,O
20日,O
前,O
整改,O
完成,O
,
Q2,B
-,I
1,I
区,I
L1,B
层,I
板面,B
垃圾,O
较,O
多,O
，,O
要求,O
总包,O
【,O
中建,O
】,O
于,O
1月,O
18,O
日前,O
整改,O
完成,O
,
Q2,B
-,I
5,I
区,I
B1,B
层,I
结构,B
梁底筋,I
未,O
绑扎,O
，,O
要求,O
总包,O
【,O
中建,O
】,O
于,O
1月,O
20日,O
前,O
整改,O
完成,O
,
Q2,B
区,I
钢筋房,B
机械,B
连接,I
接头,I
未,O
佩戴,O
保护帽,B
，,O
要求,O
总包,O
【,O
中建,O
】,O
于,O
1月,O
23日,O
前,O
整改,O
完成,O
,
Q3,B
-,I
3,I
区,I
B1,B
层,I
柱子,B
单肢,I
箍,I
未,O
按,O
设计,O
要求,O
加设,O
，,O
要求,O
总包,O
【,O
中建,O
】,O
于,O
1月,O
19日,O
前,O
整改,O
完成,O
,
Q3,B
-,I
3,I
区,I
B1,B
层,I
柱子,B
钢筋,I
未,O
蹬,O
角,O
，,O
要求,O
总包,O
【,O
中建,O
】,O
于,O
1月,O
19日,O
前,O
整改,O
完成,O
,
Q3,B
区,I
钢筋房,B
机械,B
连接,I
接头,I
未,O
打磨,O
平整,O
，,O
要求,O
总包,O
【,O
中建,O
】,O
于,O
1月,O
22日,O
前,O
整改,O
完成,O
,
Q3,B
-,I
2,I
区,I
B2,B
层,I
模板,B
拼缝,I
过,O
大,O
，,O
要求,O
总包,O
【,O
中建,O
】,O
于,O
1月,O
20日,O
前,O
整改,O
完成,O
,
Q1,B
-,I
6,I
区,I
B2,B
层,I
止水,B
钢板,I
未,O
满,O
焊,O
，,O
要求,O
总包,O
【,O
中建,O
】,O
于,O
1月,O
24日,O
前,O
整改,O
完成,O
,
Q1,B
-,I
7,I
区,I
B1,B
层,I
板面,B
脚印,O
较,O
多,O
，,O
要求,O
总包,O
【,O
中建,O
】,O
于,O
1月,O
27日,O
前,O
整改,O
完成,O
,
Q3,B
-,I
2,I
区,I
B1,B
层,I
墙,B
柱,I
露筋,O
，,O
要求,O
总包,O
【,O
中建,O
】,O
于,O
1月,O
27日,O
前,O
整改,O
完成,O
,
T2,B
区,I
B1,B
层,I
墙柱,B
钢筋,I
外露,O
丝扣,B
过多,O
，,O
要求,O
总包,O
【,O
中建,O
】,O
于,O
1月,O
25日,O
前,O
整改,O
完成,O
,
Q3,B
-,I
4,I
区,I
L1,B
层,I
板面,B
垫块,I
数量,O
不足,O
，,O
要求,O
总包,O
【,O
中建,O
】,O
于,O
1月,O
25日,O
前,O
整改,O
完成,O
,
Q1,B
-,I
2,I
区,I
B1,B
层,I
楼梯,B
掉角,O
，,O
要求,O
总包,O
【,O
中建,O
】,O
于,O
1月,O
27日,O
前,O
整改,O
完成,O
,
Q3,B
区,I
钢筋,B
加工房,I
钢筋,B
未戴,O
保护帽,B
，,O
要求,O
总包,O
【,O
中建,O
】,O
于,O
1月,O
25日,O
前,O
整改,O
完成,O
,
Q3,B
-,I
1,I
区,I
B1,B
-,I
L1,I
层柱,B
缺,O
加密箍,B
，,O
要求,O
总包,O
【,O
中建,O
】,O
于,O
1月,O
25日,O
前,O
整改,O
完成,O
,
Q2,B
-,I
3,I
区,I
B1,B
层,I
板,B
上下层,I
钢筋,B
被,O
踩踏,O
在,O
一起,O
，,O
要求,O
总包,O
【,O
中建,O
】,O
于,O
1月,O
25日,O
前,O
整改,O
完成,O
,
Q1,B
-,I
4,I
区,I
L1,B
层,I
模板,B
支撑架,I
底部,I
垫块,B
个别,O
部位,O
未,O
设置,O
，,O
要求,O
总包,O
【,O
中建,O
】,O
于,O
1月,O
25日,O
前,O
整改,O
完成,O
,
Q2,B
区,I
钢筋房,B
机械,B
连接,I
丝头处,I
未,O
打磨,O
平整,O
，,O
要求,O
总包,O
【,O
中建,O
】,O
于,O
2月,O
26日,O
前,O
整改,O
完成,O
,
Q2,B
-,I
3,I
区,I
B1,B
层,I
高,B
支模,I
未,O
设置,O
兜网,B
，,O
要求,O
总包,O
【,O
中建,O
】,O
于,O
2月,O
25日,O
前,O
整改,O
完成,O
,
Q3,B
-,I
3,I
区,I
B3,B
层,I
后浇带,B
区域,I
凿,O
毛,O
不,O
充分,O
，,O
要求,O
总包,O
【,O
中建,O
】,O
于,O
2月,O
26日,O
前,O
整改,O
完成,O
,
T2,B
区,I
L1,B
层,I
凿,O
毛,O
补充,O
分,O
混凝土块,B
未,O
进行,O
清理,O
，,O
要求,O
总包,O
【,O
中建,O
】,O
于,O
1月,O
25日,O
前,O
整改,O
完成,O
,
Q1,B
-,I
4,I
区,I
L1,B
层,I
个别,O
支,O
模架,B
上部,I
自由端,I
过长,O
，,O
要求,O
总包,O
【,O
中建,O
】,O
于,O
3月,O
3日,O
前,O
整改,O
完成,O
,
Q1,B
-,I
4,I
L,I
1,I
层,I
个别,O
柱,B
钢筋,I
内,O
单肢,B
箍,I
端部,I
未,O
弯,O
折,O
135,O
°,O
，,O
要求,O
总包,O
【,O
中,O
建,O
】,O
于,O
3,O
月,O
2,O
日,O
前,O
整改,O
完成,O
,
Q2,B
-,I
5L1,I
层,I
个别,O
梁直,B
螺纹,I
连接,I
外露,O
丝牙,B
过,O
多,O
，,O
要求,O
总包,O
【,O
中建,O
】,O
于,O
3月,O
2日,O
前,O
整改,O
完成,O
,
Q2,B
-,I
3B1,I
层,I
个别,O
柱,B
核心区,I
未,O
进行,O
加密,O
，,O
要求,O
总包,O
【,O
中建,O
】,O
于,O
3月,O
2日,O
前,O
整改,O
完成,O
,
Q3,B
-,I
7B1,I
层,I
个别,O
梁底筋,B
未,O
绑扎,O
，,O
要求,O
总包,O
【,O
中建,O
】,O
于,O
3月,O
2日,O
前,O
整改,O
完成,O
,
Q3,B
-,I
9,I
区,I
个别,O
桩,B
钢筋,I
间距,O
过,O
大,O
，,O
要求,O
总包,O
【,O
中,O
建,O
】,O
于,O
3,O
月,O
3,O
日,O
前,O
整改,O
完成,O
,
T2,B
区,I
L1,B
层,I
个别,O
墙柱,B
钢筋,I
直,I
螺纹,I
连接,I
外露,O
丝牙,B
过,O
多,O
，,O
要求,O
总包,O
【,O
中建,O
】,O
于,O
3月,O
4日,O
前,O
整改,O
完成,O
,
T3,B
区,I
L3,B
个别,O
柱,B
铝模,I
插销,I
间距,O
过,O
大,O
，,O
要求,O
总包,O
【,O
中建,O
】,O
于,O
3月,O
4日,O
前,O
整改,O
完成,O
,
Q1,B
-,I
5,I
区,I
墙柱,B
底部,I
钢筋,B
偏位,O
，,O
要求,O
总包,O
【,O
中建,O
】,O
于,O
3月,O
9日,O
前,O
整改,O
完成,O
,
Q1,B
-,I
8,I
B,I
4,I
层,I
个别,O
人,B
防门,I
底部,I
梁,I
缺,O
箍筋,B
，,O
要求,O
总包,O
【,O
中,O
建,O
】,O
于,O
3,O
月,O
9,O
日,O
前,O
整改,O
完成,O
,
Q2,B
-,I
6,I
B1,I
个别,O
梁钢筋,B
锚固,O
长度,O
不,O
足,O
，,O
要求,O
总包,O
【,O
中,O
建,O
】,O
于,O
3月,O
9,O
日前,O
整改,O
完成,O
,
Q2,B
-,I
6B1,I
层,I
个别,O
位置,O
模板,B
拼缝,I
过,O
大,O
，,O
要求,O
总包,O
【,O
中建,O
】,O
于,O
3月,O
9日,O
前,O
整改,O
完成,O
,
Q3,B
-,I
8B1,I
层,I
消防,B
水池,I
止水,I
钢板,I
未,O
满,O
焊,O
，,O
要求,O
总包,O
【,O
中建,O
】,O
于,O
3月,O
9日,O
前,O
整改,O
完成,O
,
Q3,B
-,I
5,I
区,I
B2,B
层,I
后浇带,B
建渣,O
未,O
清理,O
，,O
要求,O
总包,O
【,O
中建,O
】,O
于,O
3月,O
3日,O
前,O
整改,O
完成,O
,
T2,B
区,I
L1,B
层,I
北侧,I
支,B
模架,I
立杆,I
未,O
悬空,O
，,O
要求,O
总包,O
【,O
中建,O
】,O
于,O
3月,O
10日,O
前,O
整改,O
完成,O
,
T2,B
区,I
L1,B
层,I
柱,B
箍筋,I
间距,O
不均匀,O
，,O
要求,O
总包,O
【,O
中建,O
】,O
于,O
3月,O
10日,O
前,O
整改,O
完成,O
,
Q1,B
-,I
4,I
区,I
L2,B
层,I
板筋,B
锚固,O
长度,O
不足,O
，,O
要求,O
总包,O
【,O
中建,O
】,O
于,O
3月,O
15日,O
前,O
整改,O
完成,O
,
Q1,B
-,I
4,I
区,I
L2,B
层,I
梁内,B
套管,I
掉入,O
梁内,B
，,O
要求,O
总包,O
【,O
中建,O
】,O
于,O
3月,O
15日,O
前,O
整改,O
完成,O
,
Q2,B
-,I
6,I
B1,I
个别,O
模板,B
拼缝,I
过,O
大,O
，,O
要求,O
总包,O
【,O
中,O
建,O
】,O
于,O
3月,O
15,O
日前,O
整改,O
完成,O
,
Q3,B
-,I
6B1,I
层,I
梁,B
直,I
螺纹,I
外露,O
丝牙,B
过,O
多,O
，,O
要求,O
总包,O
【,O
中建,O
】,O
于,O
3月,O
15日,O
前,O
整改,O
完成,O
,
Q2,B
区,I
加工房,B
机械,B
连接,I
未,O
佩戴,O
保护罩,B
，,O
要求,O
总包,O
【,O
中建,O
】,O
于,O
3月,O
16日,O
前,O
整改,O
完成,O
,
Q3,B
-,I
8,I
区,I
B1,B
层,I
高,B
支模,I
未,O
设置,O
兜网,B
，,O
要求,O
总包,O
【,O
中建,O
】,O
于,O
3月,O
16日,O
前,O
整改,O
完成,O
,
T2,B
区,I
B1,B
层,I
板,B
套管,I
未,O
加强,O
，,O
要求,O
总包,O
【,O
中建,O
】,O
于,O
3月,O
16日,O
前,O
整改,O
完成,O
,
T2,B
区,I
高,B
支模区,I
钢筋,B
未,O
错头,O
，,O
要求,O
总包,O
【,O
中建,O
】,O
于,O
3月,O
16日,O
前,O
整改,O
完成,O
,
T2,B
区,I
L2,B
层,I
梁,B
套管,I
未,O
加强,O
，,O
要求,O
总包,O
【,O
中建,O
】,O
于,O
3月,O
16日,O
前,O
整改,O
完成,O
,
Q1,B
-,I
3,I
区,I
L2,B
层,I
支,B
模架,I
缺少,O
兜网,B
，,O
要求,O
总包,O
【,O
中建,O
】,O
于,O
3月,O
23日,O
前,O
整改,O
完成,O
,
Q1,B
-,I
7,I
区,I
L1,B
层,I
梁,B
直,I
螺纹,I
外露,O
丝牙,B
过,O
多,O
，,O
要求,O
总包,O
【,O
中建,O
】,O
于,O
3月,O
23日,O
前,O
整改,O
完成,O
,
Q1,B
-,I
3,I
L,I
2,I
层,I
个别,O
墙柱,B
底部,I
未,O
凿,O
毛,O
，,O
要求,O
总包,O
【,O
中,O
建,O
】,O
于,O
3月,O
23,O
日前,O
整改,O
完成,O
,
Q2,B
-,I
5,I
区,I
L,B
1,I
层,I
梁模板,B
拼缝,I
过,O
大,O
，,O
要求,O
总包,O
【,O
中,O
建,O
】,O
于,O
3,O
月,O
22,O
日,O
前,O
整改,O
完成,O
,
Q2,B
-,I
5,I
区,I
L1,B
层,I
个别,O
梁内,B
套管,B
未,O
加强,O
，,O
要求,O
总包,O
【,O
中建,O
】,O
于,O
3月,O
22日,O
前,O
整改,O
完成,O
,
Q3,B
-,I
8,I
区,I
B1,B
结构,B
梁,I
凿,O
毛,O
不,O
充分,O
，,O
建渣,O
未,O
清理,O
，,O
要求,O
总包,O
【,O
中建,O
】,O
于,O
3月,O
23日,O
前,O
整改,O
完成,O
,
Q3,B
-,I
5,I
外,B
挡墙,I
防水,I
卷材,I
脱落,O
，,O
要求,O
总包,O
【,O
中,O
建,O
】,O
于,O
3,O
月,O
23,O
日,O
前,O
整改,O
完成,O
,
Q3,B
-,I
9,I
桩,B
钢筋,I
外露,O
未,O
进行,O
处理,O
，,O
要求,O
总包,O
【,O
中,O
建,O
】,O
于,O
3,O
月,O
23,O
日,O
前,O
整改,O
完成,O
,
T2,B
区,I
L2,B
层,I
个别,O
支,B
模架,I
立杆,I
悬空,O
，,O
要求,O
总包,O
【,O
中建,O
】,O
于,O
3月,O
23日,O
前,O
整改,O
完成,O
,
Q4,B
-,I
1,I
区,I
B4,B
层,I
结构,B
车道,I
处,I
梁,B
钢筋,I
直,I
锚段,I
长度,O
不足,O
，,O
要求,O
总包,O
【,O
中建,O
】,O
于,O
3月,O
22日,O
前,O
整改,O
完成,O
,
Q1,B
-,I
8,I
B,I
2,I
层,I
直,B
螺纹,I
连接,I
外露,O
丝扣,B
过,O
多,O
，,O
要求,O
总包,O
【,O
中,O
建,O
】,O
于,O
3,O
月,O
28日,O
前,O
整改,O
完成,O
,
Q1,B
区,I
钢筋,B
加工房,I
直径,O
28,O
的,O
丝扣,B
数量,O
不够,O
，,O
要求,O
总包,O
【,O
中建,O
】,O
于,O
3月,O
31日,O
前,O
整改,O
完成,O
,
Q1,B
区,I
外,B
挡墙,B
防水,I
保护,I
砖,I
未,O
做,O
，,O
要求,O
总包,O
【,O
中建,O
】,O
于,O
3月,O
29日,O
前,O
整改,O
完成,O
,
Q3,B
-,I
2L1,I
结构板,B
模板,I
拼缝,I
过,O
大,O
，,O
要求,O
总包,O
【,O
中建,O
】,O
于,O
3月,O
30,O
日前,O
整改,O
完成,O
,
Q3,B
-,I
2L1,I
结构,B
梁底,I
钢筋,B
未,O
设置,O
垫块,B
，,O
要求,O
总包,O
【,O
中建,O
】,O
于,O
3月,O
30,O
日前,O
整改,O
完成,O
,
Q2,B
-,I
3L1,I
结构,B
模板,I
拼缝,I
错台,O
，,O
要求,O
总包,O
【,O
中建,O
】,O
于,O
3月,O
30,O
日前,O
整改,O
完成,O
,
Q3,B
-,I
2L1,I
结构,B
穿梁,I
套管,I
未,O
加强,O
，,O
要求,O
总包,O
【,O
中建,O
】,O
于,O
3月,O
30,O
日前,O
整改,O
完成,O
,
Q2,B
-,I
3L1,I
结构,B
梁,I
未,O
凿,O
毛,O
，,O
要求,O
总包,O
【,O
中建,O
】,O
于,O
3月,O
30,O
日前,O
整改,O
完成,O
,
Q2,B
-,I
3L1,I
结构,B
梁筋,I
外露,O
丝扣,B
过多,O
，,O
要求,O
总包,O
【,O
中建,O
】,O
于,O
3月,O
30,O
日前,O
整改,O
完成,O
,
Q4,B
区,I
B3,B
层,I
柱底,B
箍筋,B
未,O
加密,O
，,O
要求,O
总包,O
【,O
中建,O
】,O
于,O
3月,O
30,O
日前,O
整改,O
完成,O
,
T3,B
-,I
1,I
B,I
1,I
层,I
支,B
模架,I
天杆,I
少,O
横杆,B
，,O
要求,O
总包,O
【,O
中,O
建,O
】,O
于,O
3,O
月,O
30,O
日前,O
整改,O
完成,O
,
Q1,B
-,I
3,I
区,I
L2,B
层,I
柱模,B
底部,I
未,O
用,O
双,B
螺帽,I
紧固,O
，,O
要求,O
总包,O
【,O
中建,O
】,O
于,O
4月,O
6日,O
前,O
整改,O
完成,O
,
Q1,B
区,I
钢筋,B
加工房,I
直径,O
22,O
的,O
钢筋,B
丝牙,I
不够,O
，,O
要求,O
总包,O
【,O
中建,O
】,O
于,O
4月,O
5日,O
前,O
整改,O
完成,O
,
Q1,B
区,I
南侧,I
防水,B
卷材,I
脱落,O
，,O
要求,O
总包,O
【,O
中建,O
】,O
于,O
4月,O
5日,O
前,O
整改,O
完成,O
,
T3,B
区,I
L5,B
层,I
剪力墙,B
电渣,B
压力,I
焊,I
焊包,I
质量,O
不,O
合格,O
，,O
要求,O
总包,O
【,O
中建,O
】,O
于,O
4月,O
5日,O
前,O
整改,O
完成,O
,
T2,B
区,I
B1,B
层,I
剪力墙,B
夹渣,O
，,O
要求,O
总包,O
【,O
中建,O
】,O
于,O
4月,O
7日,O
前,O
整改,O
完成,O
,
Q3,B
-,I
10,I
区,I
B2,B
层,I
止水,B
钢板,I
未,O
满,O
焊,O
，,O
要求,O
总包,O
【,O
中建,O
】,O
于,O
4月,O
7日,O
前,O
整改,O
完成,O
,
Q3,B
-,I
10,I
区,I
B2,B
层,I
外墙,B
有,O
内衬,B
，,O
要求,O
总包,O
【,O
中建,O
】,O
于,O
4月,O
7日,O
前,O
整改,O
完成,O
,
Q3,B
-,I
9,I
区,I
B2,B
层,I
施工,B
缝,I
部位,I
未,O
凿,O
毛,O
，,O
要求,O
总包,O
【,O
中建,O
】,O
于,O
4月,O
8日,O
前,O
整改,O
完成,O
,
Q2,B
-,I
5,I
区,I
L1,B
层,I
降班,B
区域,I
吊模,B
用,O
木方,B
，,O
要求,O
总包,O
【,O
中建,O
】,O
于,O
4月,O
8日,O
前,O
整改,O
完成,O
,
Q3,B
-,I
8,I
区,I
B1,B
层,I
直,B
螺纹,I
套筒,I
连接,I
外露,O
丝扣,B
过多,O
，,O
要求,O
总包,O
【,O
中建,O
】,O
于,O
4月,O
8日,O
前,O
整改,O
完成,O
,
Q2,B
-,I
5,I
区,I
L2,B
层,I
柱脚,B
未,O
凿,O
毛,O
，,O
要求,O
总包,O
【,O
中建,O
】,O
于,O
4月,O
8日,O
前,O
整改,O
完成,O
,
Q1,B
-,I
8,I
区,I
B1,B
层,I
梁,B
钢筋,I
外露,O
丝牙,B
过,O
多,O
，,O
要求,O
总包,O
【,O
中建,O
】,O
于,O
4月,O
11日,O
前,O
整改,O
完成,O
,
Q1,B
区,I
钢筋,B
加工房,I
钢筋,B
未戴,O
保护帽,B
，,O
要求,O
总包,O
【,O
中建,O
】,O
于,O
4月,O
12日,O
前,O
整改,O
完成,O
,
Q1,B
-,I
8,I
区,I
B1,B
层,I
穿,B
梁,I
套管,I
处,I
未,O
设置,O
加密,B
箍筋,I
，,O
要求,O
总包,O
【,O
中建,O
】,O
于,O
4月,O
11日,O
前,O
整改,O
完成,O
,
Q2,B
-,I
2,I
区,I
L1,B
层,I
梁,B
内,I
垫块,B
不足,O
，,O
要求,O
总包,O
【,O
中建,O
】,O
于,O
4月,O
15日,O
前,O
整改,O
完成,O
,
Q2,B
-,I
1,I
区,I
L2,B
层,I
施工,B
缝,I
未,O
凿,O
毛,O
，,O
要求,O
总包,O
【,O
中建,O
】,O
于,O
4月,O
15日,O
前,O
整改,O
完成,O
,
Q2,B
-,I
1,I
区,I
L2,B
层,I
梁,I
箍筋,B
肢数,O
不足,O
，,O
要求,O
总包,O
【,O
中建,O
】,O
于,O
4月,O
13日,O
前,O
整改,O
完成,O
,
Q3,B
-,I
9,I
区,I
B2,B
层,I
止水,B
钢板,I
未,O
满,O
焊,O
，,O
要求,O
总包,O
【,O
中建,O
】,O
于,O
4月,O
13日,O
前,O
整改,O
完成,O
,
Q3,B
-,I
9,I
区,I
B2,B
层,I
架立筋,B
长度,O
不足,O
，,O
要求,O
总包,O
【,O
中建,O
】,O
于,O
4月,O
13日,O
前,O
整改,O
完成,O
,
Q3,B
区,I
钢筋,B
加工,I
房,I
端头,B
未,O
打磨,O
，,O
要求,O
总包,O
【,O
中建,O
】,O
于,O
4月,O
13日,O
前,O
整改,O
完成,O
,
Q4,B
-,I
1,I
区,I
B2,B
层,I
梁,B
锚固,O
长度,O
不足,O
，,O
要求,O
总包,O
【,O
中建,O
】,O
于,O
4月,O
13日,O
前,O
整改,O
完成,O
,
Q4,B
-,I
1,I
区,I
B2,B
层,I
梁底,B
模板,B
拼缝,I
过,O
大,O
，,O
要求,O
总包,O
【,O
中建,O
】,O
于,O
4月,O
13日,O
前,O
整改,O
完成,O
,
Q1,B
-,I
5,I
区,I
L2,B
层,I
结构,B
顶板,I
梁拼缝,I
过,O
大,O
，,O
要求,O
总包,O
【,O
中建,O
】,O
于,O
4月,O
21日,O
前,O
整改,O
完成,O
,
Q1,B
-,I
7,I
区,I
L2,B
层,I
结构,B
高低,I
跨,I
转换,I
梁,I
钢筋,I
锚固,O
长度,O
不足,O
，,O
要求,O
总包,O
【,O
中建,O
】,O
于,O
4月,O
21日,O
前,O
整改,O
完成,O
,
Q1,B
-,I
7,I
区,I
L2,B
层,I
结构,B
梁底,I
钢筋,B
未,O
设置,O
垫块,B
，,O
要求,O
总包,O
【,O
中建,O
】,O
于,O
4月,O
21日,O
前,O
整改,O
完成,O
,
Q3,B
-,I
9,I
区,I
B2,B
层,I
结构,B
梁内,I
垫块,B
不足,O
，,O
要求,O
总包,O
【,O
中建,O
】,O
于,O
4月,O
19日,O
前,O
整改,O
完成,O
,
Q3,B
-,I
1,I
区,I
L2,B
层,I
模板,B
拼缝,I
过,O
大,O
，,O
要求,O
总包,O
【,O
中建,O
】,O
于,O
4月,O
23日,O
前,O
整改,O
完成,O
,
Q3,B
-,I
1,I
区,I
L2,B
层,I
梁,B
箍筋,I
肢数,O
不足,O
，,O
要求,O
总包,O
【,O
中建,O
】,O
于,O
4月,O
23日,O
前,O
整改,O
完成,O
,
Q2,B
-,I
5,I
区,I
L2,B
层,I
楼梯,B
未,O
设置,O
振捣,B
孔,I
及,O
透气,B
孔,I
，,O
要求,O
总包,O
【,O
中建,O
】,O
于,O
4月,O
20日,O
前,O
整改,O
完成,O
,
Q2,B
-,I
5,I
区,I
L2,B
层,I
穿梁,B
套管,I
未,O
设置,O
加强,B
钢筋,I
，,O
要求,O
总包,O
【,O
中建,O
】,O
于,O
4月,O
21日,O
前,O
整改,O
完成,O
,
T2,B
区,I
L3,B
层,I
穿,B
梁,I
套管,I
缺,O
加密,B
箍筋,I
，,O
要求,O
总包,O
【,O
中建,O
】,O
于,O
4月,O
20日,O
前,O
整改,O
完成,O
,
Q4,B
-,I
1,I
区,I
B2,B
层,I
吊模,B
不,O
平直,O
，,O
要求,O
总包,O
【,O
中建,O
】,O
于,O
4月,O
20日,O
前,O
整改,O
完成,O
,
Q4,B
-,I
1,I
区,I
B2,B
层,I
梁,B
腰筋,I
未,O
绑扎,O
牢固,O
且,O
弯曲,O
，,O
要求,O
总包,O
【,O
中建,O
】,O
于,O
4月,O
20日,O
前,O
整改,O
完成,O
,
Q1,B
-,I
3,I
区,I
B1,B
层,I
柱底,B
凿,O
毛,O
不,O
充分,O
，,O
要求,O
总包,O
【,O
中建,O
】,O
于,O
4月,O
30,O
日前,O
整改,O
完成,O
,
Q1,B
-,I
6,I
区,I
B2,B
层,I
结构,B
模板,I
孔洞,I
较,O
多,O
，,O
要求,O
总包,O
【,O
中建,O
】,O
于,O
4月,O
30,O
日前,O
整改,O
完成,O
,
Q1,B
-,I
6,I
区,I
B2,B
层,I
结构,B
施工,I
缝,I
部位,I
凿,O
毛,O
不,O
充分,O
，,O
要求,O
总包,O
【,O
中建,O
】,O
于,O
4月,O
30,O
日前,O
整改,O
完成,O
,
Q2,B
-,I
3,I
区,I
L2,B
层,I
结构,B
梁,I
吊筋,I
未,O
进行,O
绑扎,O
，,O
要求,O
总包,O
【,O
中建,O
】,O
于,O
4月,O
28,O
日前,O
整改,O
完成,O
,
Q2,B
-,I
3,I
区,I
L2,B
层,I
模板,B
拼缝,I
过,O
大,O
，,O
要求,O
总包,O
【,O
中建,O
】,O
于,O
4月,O
23日,O
前,O
整改,O
完成,O
,
Q2,B
-,I
3,I
区,I
L2,B
层,I
首,B
箍,I
间距,O
过,O
大,O
，,O
要求,O
总包,O
【,O
中建,O
】,O
于,O
4月,O
28,O
日前,O
整改,O
完成,O
,
Q3,B
-,I
10,I
区,I
B1,B
层,I
结构,B
挡墙,I
套管,I
未,O
加强,O
，,O
要求,O
总包,O
【,O
中建,O
】,O
于,O
4月,O
30,O
日前,O
整改,O
完成,O
,
Q3,B
-,I
10,I
区,I
B1,B
层,I
结构,B
梁底,I
钢筋,B
未,O
进行,O
绑扎,O
，,O
要求,O
总包,O
【,O
中建,O
】,O
于,O
4月,O
30,O
日前,O
整改,O
完成,O
,
Q3,B
-,I
10,I
区,I
B1,B
层,I
结构,B
施工,I
缝,I
部位,I
凿,O
毛,O
不,O
充分,O
，,O
要求,O
总包,O
【,O
中建,O
】,O
于,O
4月,O
30,O
日前,O
整改,O
完成,O
,
T2,B
区,I
L3,B
层,I
结构,B
幕墙,I
预埋件,I
未,O
固定,O
，,O
要求,O
总包,O
【,O
中建,O
】,O
于,O
4月,O
27日,O
前,O
整改,O
完成,O
,
T2,B
区,I
L3,B
层,I
结构,B
主次,I
梁,I
交接处,I
箍筋,B
支数,O
不足,O
，,O
要求,O
总包,O
【,O
中建,O
】,O
于,O
4月,O
27日,O
前,O
整改,O
完成,O
,
T2,B
区,I
L3,B
层,I
结构,B
穿梁,I
套管,I
未,O
进行,O
加强,O
，,O
要求,O
总包,O
【,O
中建,O
】,O
于,O
4月,O
27日,O
前,O
整改,O
完成,O
,
Q1,B
-,I
8,I
区,I
L1,B
层,I
施工,B
缝,I
部位,I
凿,O
毛,O
不,O
充分,O
，,O
要求,O
总包,O
【,O
中建,O
】,O
于,O
5月,O
4日,O
前,O
整改,O
完成,O
,
Q1,B
-,I
3,I
区,I
L3,B
层,I
结构,B
柱子,I
核心,I
加密区,I
箍筋,B
支数,O
不足,O
，,O
要求,O
总包,O
【,O
中建,O
】,O
于,O
5月,O
4日,O
前,O
整改,O
完成,O
,
Q1,B
-,I
3,I
区,I
L3,B
层,I
结构,B
模板,I
孔洞,I
较,O
多,O
，,O
要求,O
总包,O
【,O
中建,O
】,O
于,O
5月,O
3,O
日前,O
整改,O
完成,O
,
Q2,B
-,I
1,I
区,I
L3,B
层,I
结构,B
梁,I
加密区,I
箍筋,B
支数,O
不足,O
，,O
要求,O
总包,O
【,O
中建,O
】,O
于,O
5月,O
4日,O
前,O
整改,O
完成,O
,
Q2,B
-,I
6,I
区,I
L2,B
层,I
机械,B
连接,I
外露,O
丝牙,B
过,O
多,O
，,O
要求,O
总包,O
【,O
中建,O
】,O
于,O
5月,O
2日,O
前,O
整改,O
完成,O
,
Q2,B
-,I
6,I
区,I
L2,B
层,I
模板,B
错台,O
，,O
要求,O
总包,O
【,O
中建,O
】,O
于,O
5月,O
4日,O
前,O
整改,O
完成,O
,
Q3,B
-,I
2,I
区,I
L2,B
层,I
结构,B
预应力,I
梁底,I
钢筋,B
垫块,I
不足,O
，,O
要求,O
总包,O
【,O
中建,O
】,O
于,O
5月,O
4日,O
前,O
整改,O
完成,O
,
Q3,B
-,I
2,I
区,I
L2,B
层,I
结构,B
模板,I
拼缝,I
过,O
大,O
，,O
要求,O
总包,O
【,O
中建,O
】,O
于,O
5月,O
2日,O
前,O
整改,O
完成,O
,
Q3,B
-,I
7,I
区,I
B1,B
层,I
结构,B
上,I
成品,B
钢筋,I
材料,I
堆码,O
于,O
水中,O
，,O
要求,O
总包,O
【,O
中建,O
】,O
于,O
5月,O
3,O
日前,O
整改,O
完成,O
,
T3,B
区,I
L7,B
层,I
单子,B
箍,I
支数,O
不足,O
，,O
要求,O
总包,O
【,O
中建,O
】,O
于,O
5月,O
2日,O
前,O
整改,O
完成,O
,
T3,B
区,I
L7,B
层,I
结构,B
柱子,I
机械,I
连接,I
外露,O
丝牙,B
过,O
多,O
，,O
要求,O
总包,O
【,O
中建,O
】,O
于,O
5月,O
2日,O
前,O
整改,O
完成,O
,
T3,B
区,I
L7,B
层,I
柱子,B
凿,O
毛,O
不,O
充分,O
，,O
要求,O
总包,O
【,O
中建,O
】,O
于,O
5月,O
2日,O
前,O
整改,O
完成,O
,
Q1,B
-,I
4,I
区,I
L3,B
层,I
梁,B
加密,I
箍,I
肢数,O
不足,O
，,O
要求,O
总包,O
【,O
中建,O
】,O
于,O
5月,O
10日,O
前,O
整改,O
完成,O
,
Q1,B
-,I
3,I
区,I
L2,B
层,I
板,B
模板,I
错缝,O
严重,O
，,O
要求,O
总包,O
【,O
中建,O
】,O
于,O
5月,O
10日,O
前,O
整改,O
完成,O
,
Q1,B
-,I
5,I
区,I
L1,B
层,I
顶板,B
蜂窝,O
麻面,O
严重,O
，,O
要求,O
总包,O
【,O
中建,O
】,O
于,O
5月,O
10日,O
前,O
整改,O
完成,O
,
Q2,B
-,I
5,I
区,I
L1,B
层,I
梁底,B
漏浆,O
，,O
要求,O
总包,O
【,O
中建,O
】,O
于,O
5月,O
10日,O
前,O
整改,O
完成,O
,
钢筋,B
加工,I
棚,I
直,B
螺纹,I
加工,O
端头,I
未,O
打磨,O
，,O
要求,O
总包,O
【,O
中建,O
】,O
于,O
5月,O
10日,O
前,O
整改,O
完成,O
,
Q3,B
-,I
9,I
区,I
B1,B
层,I
模首,B
箍,I
间距,O
过,O
大,O
，,O
要求,O
总包,O
【,O
中建,O
】,O
于,O
5月,O
10日,O
前,O
整改,O
完成,O
,
Q3,B
-,I
9,I
区,I
B1,B
层,I
梁,B
接头,I
处,I
未,O
凿,O
毛,O
，,O
要求,O
总包,O
【,O
中建,O
】,O
于,O
5月,O
10日,O
前,O
整改,O
完成,O
,
Q3,B
-,I
3,I
区,I
L2,B
层,I
结构,B
未,O
设置,O
马镫,B
，,O
要求,O
总包,O
【,O
中建,O
】,O
于,O
5月,O
10日,O
前,O
整改,O
完成,O
,
Q3,B
-,I
9,I
区,I
B1,B
层,I
结构,B
套管,I
未,O
安装,O
加强筋,B
，,O
要求,O
总包,O
【,O
中建,O
】,O
于,O
5月,O
10日,O
前,O
整改,O
完成,O
,
Q4,B
-,I
1,I
区,I
B1,B
层,I
西侧,I
挡墙,B
套管,I
未,O
做,O
加强筋,B
，,O
要求,O
总包,O
【,O
中建,O
】,O
于,O
5月,O
10日,O
前,O
整改,O
完成,O
,
Q4,B
-,I
1,I
区,I
B1,B
层,I
支,B
模架,I
扫地杆,I
过,O
高,O
，,O
要求,O
总包,O
【,O
中建,O
】,O
于,O
5月,O
10日,O
前,O
整改,O
完成,O
,
T3,B
区,I
B1,B
层,I
北侧,I
挡墙,B
错台,O
及,O
模板,B
未,O
完成,O
拆除,O
，,O
要求,O
总包,O
【,O
中建,O
】,O
于,O
5月,O
10日,O
前,O
整改,O
完成,O
,
Q1,B
-,I
2,I
区,I
L1,B
层,I
梁,B
加密,I
箍,I
肢数,O
不足,O
，,O
要求,O
总包,O
【,O
中建,O
】,O
于,O
5月,O
20日,O
前,O
整改,O
完成,O
,
Q1,B
-,I
1,I
区,I
L1,B
层,I
板,B
模板,I
拼缝,I
过,O
大,O
，,O
要求,O
总包,O
【,O
中建,O
】,O
于,O
5月,O
20日,O
前,O
整改,O
完成,O
,
Q1,B
-,I
6,I
区,I
B1,B
层,I
机械,B
连接,I
外露,O
丝牙,B
过,O
多,O
，,O
要求,O
总包,O
【,O
中建,O
】,O
于,O
5月,O
17日,O
前,O
整改,O
完成,O
,
Q2,B
-,I
2,I
区,I
L2,B
层,I
楼梯,B
部位,I
钢筋,B
未,O
设置,O
马镫,B
，,O
要求,O
总包,O
【,O
中建,O
】,O
于,O
5月,O
18,O
日前,O
整改,O
完成,O
,
Q2,B
-,I
2,I
区,I
L2,B
层,I
楼梯,B
模板,I
未,O
设置,O
振捣,B
孔,I
及,O
透,B
气孔,I
，,O
要求,O
总包,O
【,O
中建,O
】,O
于,O
5月,O
18,O
日前,O
整改,O
完成,O
,
Q2,B
-,I
3,I
区,I
L3,B
层,I
机械,B
连接,I
外露,O
丝牙,B
过,O
多,O
，,O
要求,O
总包,O
【,O
中建,O
】,O
于,O
5月,O
18,O
日前,O
整改,O
完成,O
,
Q3,B
区,I
钢筋,B
加工,I
棚,I
机械,B
连接,I
端部,I
未,O
打磨,O
平整,O
，,O
要求,O
总包,O
【,O
中建,O
】,O
于,O
5月,O
20日,O
前,O
整改,O
完成,O
,
Q3,B
-,I
1,I
区,I
L3,B
层,I
结构,B
梁,I
锚固,O
长度,O
不足,O
，,O
要求,O
总包,O
【,O
中建,O
】,O
于,O
5月,O
20日,O
前,O
整改,O
完成,O
,
Q3,B
-,I
1,I
区,I
L3,B
层,I
结构,B
施工,I
缝,I
部位,I
未,O
进行,O
凿毛,O
，,O
要求,O
总包,O
【,O
中建,O
】,O
于,O
5月,O
20日,O
前,O
整改,O
完成,O
,
T3,B
区,I
L8,B
层,I
铝模,B
拼缝,I
过,O
大,O
，,O
要求,O
总包,O
【,O
中建,O
】,O
于,O
5月,O
18,O
日前,O
整改,O
完成,O
,
T3,B
区,I
L8,B
层,I
梁底,B
未,O
设置,O
垫块,B
，,O
要求,O
总包,O
【,O
中建,O
】,O
于,O
5月,O
18,O
日前,O
整改,O
完成,O
,
T3,B
区,I
L8,B
层,I
梁首,B
箍,I
间距,O
过,O
大,O
，,O
要求,O
总包,O
【,O
中建,O
】,O
于,O
5月,O
18,O
日前,O
整改,O
完成,O
,
Q1,B
-,I
8,I
区,I
L2,B
层,I
模板,B
拼缝,I
过,O
大,O
，,O
要求,O
总包,O
【,O
中建,O
】,O
于,O
5月,O
25日,O
前,O
整改,O
完成,O
,
Q1,B
-,I
8,I
区,I
L2,B
层,I
机械,B
连接,I
外露,O
丝牙,B
过,O
多,O
，,O
要求,O
总包,O
【,O
中建,O
】,O
于,O
5月,O
24日,O
前,O
整改,O
完成,O
,
Q1,B
-,I
8,I
区,I
L2,B
层,I
波纹管,B
接头,I
位置,O
未,O
用,O
胶带,B
密封,O
，,O
要求,O
总包,O
【,O
中建,O
】,O
于,O
5月,O
24日,O
前,O
整改,O
完成,O
,
Q2,B
-,I
5,I
区,I
L4,B
层,I
柱底,B
凿,O
毛,O
不,O
充分,O
，,O
要求,O
总包,O
【,O
中建,O
】,O
于,O
5月,O
25日,O
前,O
整改,O
完成,O
,
Q2,B
-,I
1,I
区,I
L4,B
层,I
穿梁,B
套管,I
未,O
加强,O
，,O
要求,O
总包,O
【,O
中建,O
】,O
于,O
5月,O
26日,O
前,O
整改,O
完成,O
,
Q2,B
区,I
钢筋房,B
机械,B
连接,I
未,O
佩戴,O
保护帽,B
，,O
要求,O
总包,O
【,O
中建,O
】,O
于,O
5月,O
23日,O
前,O
整改,O
完成,O
,
Q3,B
-,I
3,I
区,I
L3,B
层,I
模板,B
拼缝,I
过,O
大,O
，,O
要求,O
总包,O
【,O
中建,O
】,O
于,O
5月,O
24日,O
前,O
整改,O
完成,O
,
Q3,B
-,I
1,I
区,I
L3,B
层,I
结构,B
梁底,I
垫块,B
不足,O
，,O
要求,O
总包,O
【,O
中建,O
】,O
于,O
5月,O
24日,O
前,O
整改,O
完成,O
,
Q3,B
-,I
2,I
区,I
L3,B
层,I
结构,B
施工,I
缝,I
部位,I
凿,O
毛,O
不,O
充分,O
，,O
要求,O
总包,O
【,O
中建,O
】,O
于,O
5月,O
26日,O
前,O
整改,O
完成,O
,
T3,B
区,I
L3,B
层,I
砌体,B
转角,I
部位,I
未,O
采用,O
实心,B
砖,I
砌筑,O
，,O
要求,O
总包,O
【,O
中建,O
】,O
于,O
5月,O
28,O
日前,O
整改,O
完成,O
,
T2,B
区,I
L6,B
层,I
墙,B
底部,I
杂物,O
未,O
清理,O
干净,O
，,O
要求,O
总包,O
【,O
中建,O
】,O
于,O
5月,O
26日,O
前,O
整改,O
完成,O
,
T2,B
区,I
L6,B
层,I
墙,B
个别,O
主筋,B
未,O
进行,O
绑扎,O
，,O
要求,O
总包,O
【,O
中建,O
】,O
于,O
5月,O
25日,O
前,O
整改,O
完成,O
,
Q1,B
-,I
2,I
区,I
B,B
2,I
层,I
后浇带,B
处,I
板,B
露筋,O
，,O
要求,O
总包,O
【,O
中,O
建,O
】,O
于,O
6,O
月,O
1,O
日,O
前,O
整改,O
完成,O
,
Q1,B
-,I
7,I
L,I
3,I
层,I
预应力,B
波纹管,I
被,O
破坏,O
，,O
要求,O
总包,O
【,O
中,O
建,O
】,O
于,O
5,O
月,O
31,O
日,O
前,O
整改,O
完成,O
,
Q1,B
-,I
3,I
B,I
1,I
层,I
悬挑梁,B
未,O
进行,O
回顶,O
，,O
要求,O
总包,O
【,O
中,O
建,O
】,O
于,O
6,O
月,O
1,O
日,O
前,O
整改,O
完成,O
,
Q2,B
-,I
5,I
L,I
4,I
层,I
梁,B
侧模,B
模板,I
拼缝,I
过,O
大,O
，,O
要求,O
总包,O
【,O
中,O
建,O
】,O
于,O
5,O
月,O
31,O
日,O
前,O
整改,O
完成,O
,
Q2,B
-,I
5,I
L,I
4,I
层,I
梁钢筋,B
未,O
绑扎,O
，,O
要求,O
总包,O
【,O
中,O
建,O
】,O
于,O
5,O
月,O
26,O
日,O
前,O
整改,O
完成,O
,
Q2,B
-,I
2,I
圆柱,B
底部,I
未,O
进行,O
凿毛,O
，,O
要求,O
总包,O
【,O
中建,O
】,O
于,O
5月,O
31日,O
前,O
整改,O
完成,O
,
Q3,B
-,I
1,I
L,I
3,I
层,I
结构,B
板,I
钢筋,I
未,O
设置,O
马镫,B
，,O
要求,O
总包,O
【,O
中,O
建,O
】,O
于,O
5,O
月,O
31,O
日,O
前,O
整改,O
完成,O
,
Q3,B
-,I
1,I
区,I
梁端头,B
未,O
凿,O
毛,O
，,O
要求,O
总包,O
【,O
中建,O
】,O
于,O
5月,O
31日,O
前,O
整改,O
完成,O
,
T3,B
区,I
L10,B
层,I
梁,B
腰筋,I
未,O
绑扎,O
，,O
要求,O
总包,O
【,O
中建,O
】,O
于,O
5月,O
30,O
日前,O
整改,O
完成,O
,
T3,B
区,I
L10,B
层,I
板面,B
钢筋,I
跳绑,O
严重,O
，,O
要求,O
总包,O
【,O
中建,O
】,O
于,O
5月,O
30,O
日前,O
整改,O
完成,O
,
T3,B
区,I
L10,B
层,I
穿梁,B
套管,I
未设,O
加强筋,B
，,O
要求,O
总包,O
【,O
中建,O
】,O
于,O
5月,O
30,O
日前,O
整改,O
完成,O
,
Q1,B
-,I
3,I
区,I
B,B
1,I
层,I
外墙,B
止水,I
钢板,I
未,O
四周,O
满焊,O
，,O
要求,O
总包,O
【,O
中,O
建,O
】,O
于,O
6,O
月,O
6,O
日,O
前,O
整改,O
完成,O
,
Q1,B
-,I
8,I
L,I
3,I
层,I
板,B
模板,I
未,O
铺设,O
平整,O
，,O
要求,O
总包,O
【,O
中,O
建,O
】,O
于,O
6,O
月,O
6,O
日,O
前,O
整改,O
完成,O
,
Q1,B
-,I
7,I
L,I
3,I
层,I
梁,B
套管,I
未,O
设置,O
加强,B
筋,I
，,O
要求,O
总包,O
【,O
中,O
建,O
】,O
于,O
6,O
月,O
6,O
日,O
前,O
整改,O
完成,O
,
Q2,B
-,I
3,I
L,I
4,I
层,I
板,B
面,I
木屑,O
未,O
清理,O
，,O
要求,O
总包,O
【,O
中,O
建,O
】,O
于,O
6,O
月,O
6,O
日,O
前,O
整改,O
完成,O
,
Q2,B
-,I
3,I
L,I
3,I
层,I
结构,B
梁首,I
箍,I
间距,O
过,O
大,O
，,O
要求,O
总包,O
【,O
中,O
建,O
】,O
于,O
6,O
月,O
6,O
日,O
前,O
整改,O
完成,O
,
Q2,B
-,I
3,I
L,I
3,I
层,I
结构,B
梁,I
内,I
未,O
设置,O
垫块,B
，,O
要求,O
总包,O
【,O
中,O
建,O
】,O
于,O
6,O
月,O
6,O
日,O
前,O
整改,O
完成,O
,
Q3,B
-,I
4,I
B,I
1,I
层,I
结构,B
板,I
施工,I
缝处,I
未,O
凿,O
毛,O
，,O
要求,O
总包,O
【,O
中,O
建,O
】,O
于,O
6,O
月,O
6,O
日,O
前,O
整改,O
完成,O
,
Q3,B
-,I
10,I
区,I
L1,B
层,I
梁,B
内,I
有,O
木方,B
，,O
要求,O
总包,O
【,O
中建,O
】,O
于,O
6月,O
6日,O
前,O
整改,O
完成,O
,
Q3,B
-,I
10,I
区,I
L1,B
层,I
梁,B
箍筋,I
肢数,O
不足,O
，,O
要求,O
总包,O
【,O
中建,O
】,O
于,O
6月,O
6日,O
前,O
整改,O
完成,O
,
T2,B
区,I
L7,B
层,I
结构,B
梁箍筋,I
肢数,O
不足,O
，,O
要求,O
总包,O
【,O
中建,O
】,O
于,O
6月,O
6日,O
前,O
整改,O
完成,O
,
T2,B
区,I
L7,B
层,I
梁,B
起,O
第一,B
道,I
箍筋,I
距离,O
过,O
大,O
，,O
要求,O
总包,O
【,O
中建,O
】,O
于,O
6月,O
6日,O
前,O
整改,O
完成,O
,
T3,B
区,I
L11,B
层,I
柱,B
底部,I
建渣,O
未,O
清理,O
干净,O
，,O
要求,O
总包,O
【,O
中建,O
】,O
于,O
6月,O
6日,O
前,O
整改,O
完成,O
,
Q1,B
区,I
钢筋,B
加工,I
房,I
丝牙,B
长度,O
不足,O
，,O
要求,O
总包,O
【,O
中建,O
】,O
于,O
6月,O
14日,O
前,O
整改,O
完成,O
,
1,B
-,I
2,I
L,I
2,B
层,I
梁,B
端头,I
未,O
凿,O
毛,O
，,O
要求,O
总包,O
【,O
中,O
建,O
】,O
于,O
6,O
月,O
14,O
日,O
前,O
整改,O
完成,O
,
Q1,B
-,I
2,I
L,I
2,I
层,I
柱底部,B
未,O
凿,O
毛,O
，,O
要求,O
总包,O
【,O
中,O
建,O
】,O
于,O
6,O
月,O
14,O
日,O
前,O
整改,O
完成,O
,
Q1,B
-,I
8,I
L,I
2,I
层,I
立杆,B
底部,I
悬空,O
，,O
要求,O
总包,O
【,O
中,O
建,O
】,O
于,O
6,O
月,O
14,O
日,O
前,O
整改,O
完成,O
,
Q1,B
-,I
6,I
L,I
1,I
层,I
模板,B
拼缝,I
过,O
大,O
，,O
要求,O
总包,O
【,O
中,O
建,O
】,O
于,O
6,O
月,O
13,O
日,O
前,O
整改,O
完成,O
,
Q2,B
-,I
3,I
区,I
L,B
4,I
层,I
结构,B
梁底,I
钢筋,B
未,O
绑扎,O
，,O
要求,O
总包,O
【,O
中,O
建,O
】,O
于,O
6,O
月,O
15,O
日,O
前,O
整改,O
完成,O
,
Q2,B
-,I
3,I
区,I
L,B
4,I
层,I
结构,B
梁,I
二,I
排,I
钢筋,I
未,O
进行,O
绑扎,O
，,O
要求,O
总包,O
【,O
中,O
建,O
】,O
于,O
6,O
月,O
16,O
日,O
前,O
整改,O
完成,O
,
Q3,B
-,I
1,I
区,I
L4,B
层,I
结构,B
梁,I
穿梁,I
套管,I
未,O
加强,O
，,O
要求,O
总包,O
【,O
中建,O
】,O
于,O
6月,O
15日,O
前,O
整改,O
完成,O
,
Q3,B
-,I
1,I
区,I
L4,B
层,I
梁,B
箍筋,I
支数,O
不,O
符合,O
要求,O
，,O
要求,O
总包,O
【,O
中建,O
】,O
于,O
6月,O
16日,O
前,O
整改,O
完成,O
,
Q3,B
-,I
1,I
区,I
L4,B
层,I
梁,B
底,I
钢筋,B
未,O
进行,O
绑扎,O
，,O
要求,O
总包,O
【,O
中建,O
】,O
于,O
6月,O
16日,O
前,O
整改,O
完成,O
,
Q3,B
-,I
1,I
区,I
L4,B
层,I
柱,B
单肢,I
箍,I
支数,O
不足,O
，,O
要求,O
总包,O
【,O
中建,O
】,O
于,O
6月,O
16日,O
前,O
整改,O
完成,O
,
T3,B
区,I
L12,B
层,I
梁底,B
钢筋,B
垫块,I
数量,O
不足,O
，,O
要求,O
总包,O
【,O
中建,O
】,O
于,O
6月,O
13日,O
前,O
整改,O
完成,O
,
T3,B
区,I
L12,I
层,I
梁,B
内,I
防,B
串号,I
钢丝网,I
未,O
按照,O
要求,O
设置,O
，,O
要求,O
总包,O
【,O
中建,O
】,O
于,O
6月,O
13日,O
前,O
整改,O
完成,O
,
T3,B
区,I
L11,B
层,I
结构,B
支模,I
架,I
未,O
连接,O
成,O
整体,O
，,O
要求,O
总包,O
【,O
中建,O
】,O
于,O
6月,O
13日,O
前,O
整改,O
完成,O
,
问题,O
描述,O
：,O
Q1,B
-,I
4,I
区,I
L4,B
层,I
柱脚,B
钢筋,I
偏位,O
，,O
要求,O
总包,O
【,O
中建,O
】,O
于,O
6月,O
21日,O
前,O
整改,O
完成,O
,
问题,O
描述,O
：,O
Q1,B
-,I
5,I
区,I
L4,B
层,I
柱脚,B
未,O
凿,O
毛,O
，,O
要求,O
总包,O
【,O
中建,O
】,O
于,O
6月,O
23日,O
前,O
整改,O
完成,O
,
问题,O
描述,O
：,O
Q1,B
-,I
4,I
区,I
L4,B
层,I
梁底角部,B
钢筋,B
未,O
满,O
绑,O
，,O
要求,O
总包,O
【,O
中建,O
】,O
于,O
6月,O
21日,O
前,O
整改,O
完成,O
,
问题,O
描述,O
：,O
Q1,B
-,I
6,I
区,I
L1,B
层,I
主梁,B
缺,O
加密箍,B
，,O
要求,O
总包,O
【,O
中建,O
】,O
于,O
6月,O
21日,O
前,O
整改,O
完成,O
,
问题,O
描述,O
：,O
Q2,B
-,I
5,I
区,I
L5,B
层,I
柱筋,B
未,O
蹬,O
角,O
，,O
要求,O
总包,O
【,O
中建,O
】,O
于,O
6月,O
21日,O
前,O
整改,O
完成,O
,
问题,O
描述,O
：,O
Q2,B
-,I
2,I
区,I
L4,B
层,I
梁柱,B
接头,I
梁,I
缺,O
加密,B
箍筋,I
，,O
要求,O
总包,O
【,O
中建,O
】,O
于,O
6月,O
21日,O
前,O
整改,O
完成,O
,
问题,O
描述,O
：,O
Q2,B
-,I
5,I
区,I
L4,B
层,I
钢绞线,B
泡水,O
，,O
要求,O
总包,O
【,O
中建,O
】,O
于,O
6月,O
21日,O
前,O
整改,O
完成,O
,
问题,O
描述,O
：,O
Q3,B
-,I
3,I
区,I
L4,B
层,I
梁,B
模板,I
拼缝,I
过,O
大,O
，,O
要求,O
总包,O
【,O
中建,O
】,O
于,O
6月,O
21日,O
前,O
整改,O
完成,O
,
问题,O
描述,O
：,O
Q3,B
-,I
2,I
区,I
L4,B
层,I
梁,B
未,O
凿,O
毛,O
垃圾,O
多,O
，,O
要求,O
总包,O
【,O
中建,O
】,O
于,O
6月,O
21日,O
前,O
整改,O
完成,O
,
问题,O
描述,O
：,O
Q3,B
-,I
5,I
区,I
L1,B
层,I
缺,O
加密箍,B
，,O
要求,O
总包,O
【,O
中建,O
】,O
于,O
6月,O
21日,O
前,O
整改,O
完成,O
,
问题,O
描述,O
：,O
T3,B
区,I
L4,B
构造,B
柱,I
缺,O
加密,B
箍筋,I
，,O
要求,O
总包,O
【,O
中建,O
】,O
于,O
6月,O
21日,O
前,O
整改,O
完成,O
,
问题,O
描述,O
：,O
T2,B
区,I
L1,B
铝模,B
堆码,O
过高,O
、,O
摆放,O
凌乱,O
，,O
要求,O
总包,O
【,O
中建,O
】,O
于,O
6月,O
21日,O
前,O
整改,O
完成,O
,
问题,O
描述,O
：,O
T2,B
区,I
L9,B
剪力墙,B
拉钩,I
未,O
绑扎,O
，,O
要求,O
总包,O
【,O
中建,O
】,O
于,O
6月,O
21日,O
前,O
整改,O
完成,O
,
问题,O
描述,O
：,O
Q1,B
区,I
钢筋,B
加工房,I
部分,O
钢筋,B
端头,I
未,O
打磨,O
，,O
要求,O
总包,O
【,O
中建,O
】,O
于,O
6月,O
28,O
日前,O
整改,O
完成,O
,
问题,O
描述,O
：,O
Q1,B
-,I
3,I
区,I
L4,B
层,I
钢柱,B
箍筋,I
未,O
蹬,O
角,O
未,O
绑扎,O
，,O
要求,O
总包,O
【,O
中建,O
】,O
于,O
6月,O
28,O
日前,O
整改,O
完成,O
,
问题,O
描述,O
：,O
Q1,B
-,I
3,I
区,I
L4,B
层,I
钢柱,B
箍筋,I
未,O
穿,O
钢梁,B
预留孔,I
，,O
要求,O
总包,O
【,O
中建,O
】,O
于,O
6月,O
28,O
日前,O
整改,O
完成,O
,
问题,O
描述,O
：,O
T2,B
区,I
L10,B
层,I
柱筋,B
电渣,I
压力,I
焊,I
焊包,I
不,O
饱满,O
，,O
要求,O
总包,O
【,O
中建,O
】,O
于,O
6月,O
28,O
日前,O
整改,O
完成,O
,
问题,O
描述,O
：,O
T3,B
区,I
L12,B
层,I
穿梁,B
套管,I
未,O
加强,O
，,O
要求,O
总包,O
【,O
中建,O
】,O
于,O
6月,O
28,O
日前,O
整改,O
完成,O
,
问题,O
描述,O
：,O
T3,B
区,I
L12,B
层,I
防,O
串号,O
措施,O
未加,O
钢丝网,B
，,O
要求,O
总包,O
【,O
中建,O
】,O
于,O
6月,O
28,O
日前,O
整改,O
完成,O
,
问题,O
描述,O
：,O
Q3,B
-,I
6,I
/,I
5,I
区,I
L1,B
层,I
结构,B
梁头,I
未,O
凿,O
毛,O
，,O
要求,O
总包,O
【,O
中建,O
】,O
于,O
6月,O
28,O
日前,O
整改,O
完成,O
,
问题,O
描述,O
：,O
Q3,B
-,I
1,I
区,I
L5,B
层,I
结构,B
支模,I
架,I
未,O
加,O
垫块,B
，,O
要求,O
总包,O
【,O
中建,O
】,O
于,O
6月,O
28,O
日前,O
整改,O
完成,O
,
问题,O
描述,O
：,O
Q3,B
-,I
6,I
区,I
L1,B
层,I
结构,B
模板,I
拼缝,I
过,O
大且,O
垃圾,O
多,O
，,O
要求,O
总包,O
【,O
中建,O
】,O
于,O
6月,O
28,O
日前,O
整改,O
完成,O
,
问题,O
描述,O
：,O
Q2,B
-,I
1,I
区,I
L6,B
层,I
结构,B
梁底角部,I
钢筋,B
未,O
绑扎,O
，,O
要求,O
总包,O
【,O
中建,O
】,O
于,O
6月,O
28,O
日前,O
整改,O
完成,O
,
问题,O
描述,O
：,O
Q2,B
-,I
1,I
区,I
L6,B
层,I
结构,B
梁拼缝,I
过,O
大,O
，,O
要求,O
总包,O
【,O
中建,O
】,O
于,O
6月,O
28,O
日前,O
整改,O
完成,O
,
问题,O
描述,O
：,O
Q2,B
-,I
5,I
区,I
L5,B
层,I
结构,B
梁,I
第一,B
道,I
加密,I
箍,I
距离,O
过,O
大,O
，,O
要求,O
总包,O
【,O
中建,O
】,O
于,O
6月,O
28,O
日前,O
整改,O
完成,O
,
问题,O
描述,O
：,O
地库,B
Q3,B
-,I
8,I
区,I
B4,B
层,I
砌体,B
丁字墙,I
未,O
设置,O
实心砖,B
，,O
要求,O
总包,O
【,O
中建,O
】,O
于,O
6月,O
28,O
日前,O
整改,O
完成,O
,
问题,O
描述,O
：,O
地库,B
Q3,B
-,I
2,I
区,I
B4,B
层,I
砂浆,B
未,O
在,O
沙盆,B
内,O
拌制,O
，,O
要求,O
总包,O
【,O
中建,O
】,O
于,O
6月,O
27日,O
前,O
整改,O
完成,O
,
问题,O
描述,O
：,O
Q1,B
-,I
3,I
区,I
L4,B
层,I
结构,B
梁头,I
未,O
清理,O
,
问题,O
描述,O
：,O
Q1,B
-,I
3,I
区,I
L4,B
层,I
结构,B
穿梁,I
套管,I
未,O
加强,O
,
问题,O
描述,O
：,O
Q1,B
-,I
3,I
区,I
L4,B
层,I
结构,B
模板,I
拼缝,I
过,O
大,O
,
问题,O
描述,O
：,O
Q2,B
-,I
4,I
区,I
L2,B
层,I
柱脚,B
垃圾,O
未,O
清理,O
,
问题,O
描述,O
：,O
Q2,B
-,I
5,I
区,I
L5,B
层,I
结构,B
梁底,I
无,O
支撑,B
,
问题,O
描述,O
：,O
Q2,B
-,I
4,I
区,I
L2,B
层,I
结构,B
楼梯,I
钢筋,I
无,O
垫块,B
,
问题,O
描述,O
：,O
Q3,B
-,I
3,I
区,I
L5,B
层,I
结构,B
高低梁,I
转换,O
锚固,O
长度,O
不足,O
,
问题,O
描述,O
：,O
Q3,B
-,I
1,I
/2,I
区,I
塔吊,B
未,O
回顶,O
,
问题,O
描述,O
：,O
Q3,B
-,I
5,I
区,I
L5,B
层,I
结构,B
梁模,I
拼缝,I
过,O
大,O
,
问题,O
描述,O
：,O
T2,B
-,I
1,I
区,I
B4,B
层,I
结构,B
吊模,I
高度,O
不足,O
,
问题,O
描述,O
：,O
T3,B
区,I
钢筋,B
加工,I
房,I
丝牙,B
不够,O
,
问题,O
描述,O
：,O
T2,B
区,I
钢筋,B
加工房,I
钢筋,B
堆放,O
在,O
裸土,O
上,O
,
问题,O
描述,O
：,O
Q1,B
-,I
8,I
区,I
L5,B
层,I
梁模,B
拼缝,I
过,O
大,O
,
问题,O
描述,O
：,O
Q1,B
区,I
加工房,B
钢筋,B
端头,I
未,O
打磨,O
未,O
戴,O
保护帽,B
,
问题,O
描述,O
：,O
Q1,B
-,I
6,I
区,I
L2,B
层,I
梁,B
箍筋,I
间距,O
不均匀,O
,
问题,O
描述,O
：,O
Q2,B
-,I
4,I
区,I
L2,B
层,I
梁,B
高低,I
跨,I
转换,I
梁,I
钢筋,I
锚固,O
长度,O
不够,O
,
问题,O
描述,O
：,O
Q2,B
-,I
4,I
区,I
L2,B
层,I
结构,B
梁,I
缺,O
加密,B
箍,I
,
问题,O
描述,O
：,O
Q2,B
-,I
2,I
区,I
L5,B
层,I
结构,B
梁端头,I
未,O
凿,O
毛,O
,
问题,O
描述,O
：,O
Q3,B
-,I
1,I
区,I
L6,B
层,I
结构,B
机械,I
连接,I
外露,O
丝牙,B
过,O
多,O
,
问题,O
描述,O
：,O
Q3,B
-,I
1,I
区,I
L6,B
层,I
梁模,B
拼缝,I
过,O
大,O
,
问题,O
描述,O
：,O
Q3,B
-,I
1,I
区,I
L6,B
层,I
结构,B
梁,I
加密区,I
箍筋,B
支数,O
不足,O
,
问题,O
描述,O
：,O
T2,B
-,I
1,I
区,I
B,B
3,I
层,I
支,B
模架,I
缺少,O
横杆,B
,
问题,O
描述,O
：,O
T,B
3,I
区,I
B,B
2,I
层,I
门洞,B
位置,I
砌体,B
不,O
平整,O
,
问题,O
描述,O
：,O
T,B
3,I
区,I
加工区,B
直,B
螺纹钢筋,I
未,O
带,O
保护,B
罩,I
,
问题,O
描述,O
：,O
Q1,B
-,I
2,I
区,I
L3,B
层,I
结构,B
建渣,O
过,O
多,O
,
问题,O
描述,O
：,O
Q1,B
-,I
3,I
区,I
L4,B
层,I
模板,B
拼缝,I
过,O
大,O
。,O
,
问题,O
描述,O
：,O
Q1,B
-,I
1,I
区,I
L3,B
层,I
底部,B
钢筋,I
未,O
绑扎,O
,
问题,O
描述,O
：,O
Q2,B
-,I
4,I
区,I
L2,B
层,I
模板,B
拼缝,I
过,O
大,O
,
问题,O
描述,O
：,O
Q2,B
-,I
5,I
区,I
L6,B
层,I
竖向,B
钢筋,I
套筒,I
露,I
丝牙,B
过,O
多,O
,
问题,O
描述,O
：,O
Q2,B
-,I
2,I
区,I
L5,B
层,I
楼梯,B
中,O
建,O
渣,O
未,O
清理,O
,
问题,O
描述,O
：,O
Q3,B
-,I
2,I
区,I
L6,B
层,I
梁底,B
无,O
钢筋,B
垫块,I
,
问题,O
描述,O
：,O
Q3,B
-,I
2,I
区,I
L6,B
层,I
梁,B
首支,I
箍,I
间距,O
过大,O
,
问题,O
描述,O
：,O
Q3,B
-,I
9,I
区,I
L3,B
层,I
结构,B
楼梯,I
无,O
马镫,B
,
问题,O
描述,O
：,O
T,B
3,I
区,I
L15,B
层,I
柱子,B
钢筋,I
连接,I
套筒,I
露,O
丝牙,B
过,O
多,O
,
问题,O
描述,O
：,O
T,B
3,I
区,I
L,B
5,I
层,I
构造柱,B
缺少,O
钢筋,B
,
问题,O
描述,O
：,O
T,B
3,I
区,I
L,B
5,I
层,I
结构,B
柱底,I
未,O
凿,O
毛,O
,
问题,O
描述,O
：,O
Q3,B
区,I
加工区,B
钢筋,B
未带,O
保护帽,B
。,O
,
问题,O
描述,O
：,O
Q3,B
-,I
5,I
区,I
L2,B
层,I
柱子,B
核心,I
加密区,I
未,O
加密,O
,
问题,O
描述,O
：,O
Q1,B
-,I
1,I
区,I
L3,B
层,I
梁底,B
未,O
凿,O
毛,O
。,O
,
问题,O
描述,O
：,O
Q1,B
-,I
4,I
区,I
L6,B
层,I
模板,B
损坏,O
严重,O
,
问题,O
描述,O
：,O
Q2,B
-,I
5,I
区,I
L6,B
层,I
模板,B
拼缝,I
过,O
大,O
,
问题,O
描述,O
：,O
Q1,B
-,I
1,I
区,I
L3,B
层,I
钢筋,B
露,O
丝牙,B
过,O
多,O
,
问题,O
描述,O
：,O
Q1,B
加工区,I
钢筋,B
缺少,O
丝牙,B
,
问题,O
描述,O
：,O
Q1,B
-,I
3,I
/4,I
区,I
L1,B
层,I
结构,B
梁底,I
垃圾,O
过多,O
,
问题,O
描述,O
：,O
Q3,B
-,I
9,I
区,I
L,B
3,I
层,I
板,B
面,I
无,O
马镫,B
且,O
保护层,B
不,O
足,O
,
问题,O
描述,O
：,O
Q3,B
-,I
5,I
区,I
L,B
2,I
层,I
梁底,B
无,O
钢筋,B
垫块,I
,
问题,O
描述,O
：,O
Q2,B
加工区,I
钢筋,B
泡,O
在,O
水中,O
,
问题,O
描述,O
：,O
Q3,B
-,I
2,I
区,I
L6,B
层,I
结构,B
板厚,O
不足,O
,
问题,O
描述,O
：,O
Q3,B
-,I
2,I
区,I
L6,B
层,I
结构,B
梁底,I
未,O
凿,O
毛,O
,
问题,O
描述,O
：,O
Q3,B
-,I
3,I
区,I
L6,B
层,I
结构,B
机械,I
连接,I
外露,O
丝牙,B
过长,O
。,O
,
问题,O
描述,O
：,O
Q2,B
-,I
3,I
区,I
L6,B
层,I
柱底,B
未,O
凿,O
毛,O
,
问题,O
描述,O
：,O
Q2,B
-,I
5,I
区,I
L6,B
层,I
结构,B
梁底,I
垃圾,O
未,O
清理,O
,
问题,O
描述,O
：,O
Q2,B
-,I
6,I
区,I
L6,B
层,I
结构,B
未,O
设置,O
套管,B
加强筋,I
,
问题,O
描述,O
：,O
Q1,B
-,I
6,I
区,I
L3,B
层,I
结构,B
模板,I
拼缝,I
过,O
大,O
,
问题,O
描述,O
：,O
Q1,B
-,I
7,I
区,I
L5,B
层,I
结构,B
梁底,I
钢筋,B
未,O
绑扎,O
,
问题,O
描述,O
：,O
Q1,B
-,I
7,I
区,I
L,B
5,I
层,I
结构,B
机械,I
连接,I
外露,O
丝牙,B
过,O
长,O
,
问题,O
描述,O
：,O
Q4,B
-,I
2,I
区,I
B,B
1,I
层,I
结构,B
梁钢筋,I
二,B
排,I
筋,I
未,O
绑扎,O
到位,O
,
问题,O
描述,O
：,O
T,B
3,I
区,I
L,B
5,I
层,I
砖,B
掉,O
落,O
,
问题,O
描述,O
：,O
T,B
3,I
区,I
L,B
6,I
层,I
电井,B
内,I
反坎,B
未,O
凿,O
毛,O
,
问题,O
描述,O
：,O
Q2,B
-,I
2,I
区,I
L6,B
层,I
钢筋,B
露,O
丝牙,B
过,O
多,O
,
问题,O
描述,O
：,O
Q2,B
-,I
5,I
区,I
L6,B
层,I
结构,B
套筒,I
未,O
加强,O
,
问题,O
描述,O
：,O
Q3,B
-,I
3,I
区,I
L6,B
层,I
结构,B
梁,I
底部,I
垃圾,O
过多,O
,
问题,O
描述,O
：,O
Q3,B
-,I
3,I
区,I
L6,B
层,I
结构,B
主梁,I
垫块,I
不足,O
,
问题,O
描述,O
：,O
Q3,B
-,I
3,I
区,I
L6,B
层,I
结构,B
主梁,I
缺少,O
箍筋,B
,
问题,O
描述,O
：,O
Q2,B
-,I
5,I
区,I
L6,B
层,I
结构,B
梁头,I
未,O
凿,O
毛,O
,
问题,O
描述,O
：,O
Q3,B
-,I
5,I
区,I
B1,B
层,I
结构,B
构造柱,I
无,O
加密区,B
,
问题,O
描述,O
：,O
Q1,B
-,I
7,I
区,I
L5,B
层,I
结构,B
模板,I
拼缝,I
过,O
大,O
,
问题,O
描述,O
：,O
Q1,B
-,I
7,I
区,I
L,B
5,I
层,I
结构,B
梁头,I
未,O
凿,O
毛,O
,
问题,O
描述,O
：,O
T3,B
区,I
L14,B
外框,B
柱,I
直,I
螺纹,I
连接,I
外漏,O
丝牙,B
过,O
多,O
。,O
,
问题,O
描述,O
：,O
Q4,B
-,I
3,I
区,I
B2,B
梁,I
偏位,O
,
问题,O
描述,O
：,O
Q4,B
-,I
3,I
区,I
B2,B
层,I
施工,B
缝,I
部位,I
未,O
凿,O
毛,O
。,O
,
问题,O
描述,O
：,O
Q2,B
-,I
2,I
区,I
L6,B
层,I
梁,B
箍筋,I
不足,O
,
问题,O
描述,O
：,O
Q2,B
-,I
2,I
区,I
L6,B
层,I
套管,B
未,O
设置,O
加强筋,B
,
问题,O
描述,O
：,O
Q2,B
-,I
2,I
区,I
L6,B
层,I
梁,B
接头,I
处,I
未,O
凿,O
毛,O
,
问题,O
描述,O
：,O
Q3,B
-,I
6,I
区,I
L2,B
层,I
结构,B
穿梁,I
套管,I
未,O
加强,O
,
问题,O
描述,O
：,O
Q3,B
-,I
6,I
区,I
L2,B
层,I
结构,B
模板,I
拼缝,I
过,O
大,O
,
问题,O
描述,O
：,O
Q1,B
-,I
B2,I
/,I
B3,I
线槽,B
采用,O
砂浆,B
填补,O
,
问题,O
描述,O
：,O
Q3,B
-,I
5,I
区,I
B1,B
层,I
构造柱,B
少,O
箍筋,B
,
问题,O
描述,O
：,O
Q3,B
-,I
5,I
区,I
B1,B
层,I
砌体,B
灰缝,I
未,O
填满,O
,
问题,O
描述,O
：,O
Q1,B
-,I
1,I
区,I
L3,B
层,I
施工,B
缝,I
位置,I
未,O
凿,O
毛,O
,
问题,O
描述,O
：,O
Q1,B
-,I
1,I
区,I
L3,B
层,I
梁,B
加密,I
箍,I
数量,O
不足,O
,
问题,O
描述,O
：,O
Q2,B
-,I
4,I
区,I
L3,B
层,I
结构,B
梁,I
二排筋,I
未,O
绑扎,O
,
问题,O
描述,O
：,O
Q2,B
-,I
4,I
区,I
L3,B
层,I
结构,B
梁底,I
垃圾,O
未,O
清理,O
,
问题,O
描述,O
：,O
Q3,B
区,I
钢筋,B
加工,I
房,I
钢筋,B
端部,I
未,O
打磨,O
平整,O
,
问题,O
描述,O
：,O
Q3,B
-,I
5L3,I
层,I
模板,B
拼缝,I
过,O
大,O
,
问题,O
描述,O
：,O
T3,B
区,I
L7,B
层,I
构造柱,B
浇筑,O
不,O
密实,O
,
问题,O
描述,O
：,O
T3,B
区,I
L5,B
层,I
门洞,B
位置,I
砖,B
掉落,O
,
问题,O
描述,O
：,O
Q4,B
-,I
2,I
区,I
B1,B
层,I
结构梁,B
偏位,O
。,O
,
问题,O
描述,O
：,O
Q4,B
-,I
2,I
区,I
B1,B
层,I
结构,B
模板,I
拼缝,I
过,O
大,O
,
问题,O
描述,O
：,O
T2,B
-,I
1,I
区,I
B1,B
层,I
柱子,B
少,O
角筋,B
。,O
,
问题,O
描述,O
：,O
Q1,B
区,I
钢筋,B
加工,I
房,I
丝牙,B
缺少,O
保护,B
罩,I
,
问题,O
描述,O
：,O
Q1,B
-,I
6,I
区,I
L4,B
层,I
套管,B
未,O
设置,O
加强筋,B
,
问题,O
描述,O
：,O
Q1,B
-,I
7,I
区,I
L5,B
层,I
直,B
螺纹,I
连接,I
外漏,O
丝牙,B
过,O
多,O
,
问题,O
描述,O
：,O
Q2,B
-,I
2,I
区,I
屋面,B
板筋,I
零乱,O
无,O
垫块,B
马镫,I
,
问题,O
描述,O
：,O
Q3,B
-,I
6,I
区,I
L4,B
层,I
结构,B
梁里,I
未,O
清理,O
,
问题,O
描述,O
：,O
Q3,B
-,I
6,I
区,I
L4,B
层,I
模板,B
拼缝,I
过,O
大,O
夹带,O
垃圾,O
,
问题,O
描述,O
：,O
Q3,B
-,I
8,I
区,I
钢筋,B
原材料,I
堆放,O
在,O
裸土,O
上,O
,
问题,O
描述,O
：,O
Q1,B
-,I
8,I
区,I
L6,B
层,I
梁,B
直,I
螺纹,I
外露,O
丝牙,B
过长,O
,
问题,O
描述,O
：,O
Q1,B
-,I
5,I
区,I
L4,B
层,I
负筋,B
绑扎,O
不足,O
,
问题,O
描述,O
：,O
Q1,B
-,I
1,I
区,I
L4,B
层,I
梁底筋,B
未,O
绑扎,O
,
问题,O
描述,O
：,O
Q2,B
-,I
3,I
区,I
屋面,B
施工,I
缝位置,I
杂物,O
较,O
多,O
未,O
清理,O
,
问题,O
描述,O
：,O
Q2,B
-,I
3,I
区,I
屋面,B
施工,I
缝位置,I
未,O
凿,O
毛,O
,
问题,O
描述,O
：,O
Q1,B
-,I
5,I
区,I
L1,B
层,I
砌体,B
过梁,I
搭接,I
长度,O
不足,O
,
问题,O
描述,O
：,O
Q1,B
-,I
5,I
区,I
L1,B
层,I
墙,B
圈梁,I
箍筋,I
肢数,O
不足,O
,
问题,O
描述,O
：,O
T3,B
区,I
L14,B
层,I
植筋,B
不,O
规范,O
,
问题,O
描述,O
：,O
T3,B
区,I
L12,B
层,I
风井,B
位置,I
拉结,B
数量,O
不足,O
,
问题,O
描述,O
：,O
T3,B
区,I
L5,B
层,I
构造柱,B
挂网,I
前,I
双面,B
胶,I
未,O
清理,O
,
问题,O
描述,O
：,O
Q1,B
-,I
8,I
区,I
L6,B
层,I
吊模,B
标高,O
不,O
一致,O
,
问题,O
描述,O
：,O
Q1,B
-,I
3,I
/4,I
区,I
南侧,I
L2,B
层,I
梁,B
施工,I
缝,I
位置,I
未,O
凿,O
毛,O
，,O
且,O
梁上,B
混凝土,B
过多,O
,
问题,O
描述,O
：,O
Q2,B
-,I
4,I
区,I
L4,B
层,I
梁,B
偏位,O
严重,O
,
问题,O
描述,O
：,O
Q2,B
-,I
4,I
区,I
L4,B
层,I
梁,B
底部,I
钢筋,B
未,O
绑扎,O
,
问题,O
描述,O
：,O
Q2,B
-,I
4,I
区,I
L4,B
层,I
模板,B
拼缝,I
过,O
大,O
,
问题,O
描述,O
：,O
Q3,B
-,I
6,I
区,I
L3,B
层,I
梁底,B
垃圾,O
过多,O
,
问题,O
描述,O
：,O
T2,B
区,I
L3,B
层,I
楼梯,B
间,I
植筋,B
少,O
一道,O
,
问题,O
描述,O
：,O
Q1,B
-,I
6,I
区,I
L1,B
层,I
构造柱,B
未贴,O
双面胶,B
,
问题,O
描述,O
：,O
T2,B
区,I
-,I
1,I
区,I
B1,B
层,I
套管,B
加强,I
筋,I
不足,O
,
问题,O
描述,O
：,O
T2,B
区,I
L4,B
层,I
构造柱,B
少,O
植筋,B
,
问题,O
描述,O
：,O
Q1,B
-,I
3,I
区,I
L5,B
层,I
架子,B
大面积,O
未,O
设,O
垫块,B
,
问题,O
描述,O
：,O
Q1,B
-,I
5,I
区,I
L3,B
层,I
梁底,B
夹渣,O
过多,O
,
问题,O
描述,O
：,O
Q1,B
-,I
3,I
区,I
L5,B
层,I
梁底,B
垃圾,O
过多,O
,
问题,O
描述,O
：,O
Q1,B
-,I
3,I
区,I
L5,B
层,I
套筒,B
加固,I
钢筋,I
不足,O
,
问题,O
描述,O
：,O
Q1,B
-,I
3,I
区,I
L5,B
层,I
套管,B
露丝,O
,
问题,O
描述,O
：,O
Q1,B
-,I
5,I
区,I
L5,B
层,I
模板,B
拼缝,I
过,O
大,O
,
问题,O
描述,O
：,O
q1,B
-,I
3,I
区,I
L5,B
层,I
加密,B
箍,I
数量,O
不足,O
,
问题,O
描述,O
：,O
T3,B
区,I
L5,B
层,I
梁,B
底部,I
与,O
砖,B
处,I
应有,O
砂浆,B
,
问题,O
描述,O
：,O
T3,B
区,I
L5,B
层,I
马牙槎,B
未,O
撕,O
双面胶,B
,
问题,O
描述,O
：,O
Q3,B
-,I
10,I
区,I
L2,B
层,I
未,O
设,O
20,O
线,O
,
问题,O
描述,O
：,O
Q3,B
-,I
7,I
区,I
L1,B
层,I
砌体,B
灰缝,I
过,O
大,O
。,O
,
问题,O
描述,O
：,O
Q3,B
-,I
1,I
区,I
L4,B
层,I
机械,B
连接,I
丝牙,I
外漏,O
过,O
多,O
。,O
,
问题,O
描述,O
：,O
Q3,B
-,I
1,I
区,I
L4,B
层,I
防水,B
基层,I
未,O
打磨,O
平整,O
。,O
,
问题,O
描述,O
：,O
Q3,B
-,I
1,I
区,I
L2,B
层,I
楼梯,B
植筋,I
未,O
做,O
植筋胶,B
。,O
,
问题,O
描述,O
：,O
Q3,B
-,I
1,I
区,I
L4,B
层,I
聚氨酯,B
完后,O
成品,B
保护,O
较,O
差,O
。,O
,
问题,O
描述,O
：,O
Q1,B
-,I
2,I
区,I
L1,B
层,I
皮数,B
线,I
与,O
施工,O
实际,O
情况,O
不符,O
。,O
,
问题,O
描述,O
：,O
Q2,B
-,I
1,I
区,I
L1,B
层,I
圈梁,B
定位,O
偏移,O
。,O
,
问题,O
描述,O
：,O
1,B
#,I
楼,I
与,O
5,B
#,I
楼,I
之间,O
屋面,B
基层,I
未,O
清理,O
干净,O
。,O
,
问题,O
描述,O
：,O
Q1,B
-,I
3,I
区,I
L5,B
层,I
梁底,B
垃圾,O
过多,O
,
问题,O
描述,O
：,O
Q1,B
-,I
6,I
与,O
Q1,B
-,I
8,I
区,I
L5,B
层,I
梁,B
接头,I
处,I
夹渣,O
、,O
未,O
凿,O
毛,O
。,O
,
问题,O
描述,O
：,O
Q1,B
-,I
5,I
区,I
L,B
5,I
层,I
电影院,B
平台,I
梁,I
弯折,I
端,I
未,O
锚入,O
斜梁,B
内,I
。,O
,
问题,O
描述,O
：,O
Q1,B
-,I
3,I
区,I
L,B
5,I
层,I
降板,B
区域,I
吊模,B
标高,O
不,O
一致,O
。,O
,
问题,O
描述,O
：,O
Q,B
3,I
区,I
钢筋,B
加工,I
房,I
端,B
头,I
未,O
打磨,O
、,O
丝牙,B
数,O
不,O
足,O
。,O
,
问题,O
描述,O
：,O
Q3,B
-,I
6,I
区,I
L4,B
层,I
柱,B
筋,I
直,I
螺纹,I
连接,I
丝牙,I
未,O
拧,O
进,O
套筒,B
内,I
。,O
,
问题,O
描述,O
：,O
5,B
号,I
楼,I
L1,B
层,I
开槽,O
后,O
用,O
砂浆,B
封堵,O
。,O
,
问题,O
描述,O
：,O
Q3,B
-,I
6,I
区,I
L,B
4,I
层,I
波纹管,B
定位,O
错误,O
。,O
,
问题,O
描述,O
：,O
Q2,B
-,I
5,I
区,I
L,B
2,I
层,I
构造,B
柱箍筋,I
设置,O
错误,O
。,O
,
问题,O
描述,O
：,O
T2,B
楼,I
L21,B
层,I
柱,B
钢筋,I
箍筋,I
间距,O
不均匀,O
,
问题,O
描述,O
：,O
T,B
3,I
楼,I
L,B
7,I
层,I
抹灰,B
露网,O
,
问题,O
描述,O
：,O
Q1,B
-,I
1,I
区,I
L5,B
层,I
钢筋,B
机械,I
连接,I
露,O
丝牙,B
过,O
多,O
。,O
,
问题,O
描述,O
：,O
Q1,B
-,I
5,I
区,I
L5,B
层,I
板,B
面,I
存在,O
大量,O
锯,O
木屑,O
,
问题,O
描述,O
：,O
Q1,B
-,I
2,I
区,I
L5,B
层,I
梁底,B
二排,B
钢筋,I
未,O
绑扎,O
。,O
,
问题,O
描述,O
：,O
T3,B
区,I
副楼,B
模板,I
拼缝,I
过,O
大,O
,
问题,O
描述,O
：,O
T3,B
区,I
L14,B
层,I
构造柱,B
上部,I
未,O
绑扎,O
,
问题,O
描述,O
：,O
Q2,B
-,I
4,I
区,I
L6,B
层,I
钢筋,B
机械,I
连接,I
露,O
丝牙,B
过,O
多,O
,
问题,O
描述,O
：,O
Q2,B
区,I
L1,B
层,I
砌体,B
施工,I
区域,I
照明,O
严重,O
不足,O
,
问题,O
描述,O
：,O
Q2,B
-,I
4,I
区,I
L6,B
层,I
竖向,B
结构,I
缺少,O
蹬,O
角,O
,
问题,O
描述,O
：,O
Q2,B
-,I
2,I
区,I
屋面,B
层,I
梁,B
底部,I
无,O
钢筋,B
垫块,I
且,O
梁底,B
垃圾,O
过,O
多,O
,
问题,O
描述,O
：,O
Q,B
3,I
区,I
加工区,B
直,B
螺纹钢筋,I
未,O
带,O
保护,B
罩,I
,
问题,O
描述,O
：,O
5,B
号,I
楼,I
L1,B
层,I
开槽,O
后,O
用,O
砂浆,B
封堵,O
。,O
,
2018年,O
12月,O
20日,O
塔楼,B
六层,I
顶板,B
浇筑,O
完成,O
，,O
今日,O
即,O
拆除,O
六层,B
结构,B
排架,I
横杆,I
，,O
不,O
符合,O
所,O
申报,O
的,O
方案,O
及,O
相关,O
规范,O
要求,O
。,O
已,O
拆除,O
的,O
部分,O
如,O
混凝土,B
结构,I
出现,O
裂缝,O
等,O
质量,O
问题,O
，,O
由,O
你,O
方,O
全部,O
承担,O
。,O
,
你,O
部于,O
2017年,O
6月,O
1日,O
进场,O
的,O
新兴,B
铸管,I
HRB40032,I
直,I
螺纹,I
接头,I
，,O
在,O
2017年,O
6月,O
2日,O
的,O
复检,O
中,O
，,O
检测,O
结果,O
不,O
符合,O
相关,O
技术,O
要求,O
。,O
,
至,O
2017年,O
6月,O
2日,O
统计,O
，,O
累计,O
完成,O
三轴,B
搅拌桩,I
62,O
根,O
，,O
理论,O
计算,O
水泥,B
用量,O
62,O
×,O
8.23,O
=,O
510.26,O
t,O
，,O
而,O
6月,O
2日,O
统计,O
累计,O
进场,O
水泥,B
仅,O
455.66,O
t,O
，,O
少,O
用,O
水泥,B
455.66,O
-,O
510.26,O
=,O
-,O
54.6t,O
。,O
,
近期,O
监理部,O
发现,O
浇筑,B
混凝土,I
制作,O
的,O
试块,B
，,O
养护,O
、,O
管理,O
不,O
符合,O
规范,O
要求,O
。,O
请,O
施工方,O
及时,O
采取,O
合理,O
的,O
措施,O
进行,O
养护,O
、,O
并,O
及时,O
送,O
检测,O
，,O
否则,O
监理部,O
将,O
开发,O
罚款,O
！,O
,
钢筋笼,B
加工,O
、,O
焊接,O
达,O
不,O
到,O
要求,O
，,O
钢筋,B
端部,I
未,O
按,O
要求,O
切平,O
、,O
镦平,O
处理,O
，,O
箍筋,B
间距,O
不均匀,O
，,O
焊接,B
点,I
较,O
少,O
造成,O
脱焊,O
变形,O
，,O
加劲,B
箍,I
焊接,O
过程,O
损伤,O
主筋,B
等,O
；,O
,
下,O
钢筋笼,B
过程,O
中,O
你,O
项目部,O
无,O
质检员,O
在场,O
检查,O
验收,O
，,O
钢筋,B
对接,O
存在,O
间隙,O
；,O
,
后,B
注浆,I
无,O
专人,O
负责,O
管理,O
。,O
,
你,O
部,O
于,O
2017年,O
6月,O
1日,O
进场,O
的,O
新兴,B
铸管,I
HRB40025,I
直,I
螺纹,I
接头,I
，,O
在,O
2017年,O
7月,O
13日,O
的,O
检测,O
中,O
，,O
检测,O
结果,O
不,O
符合,O
相关,O
技术,O
要求,O
。,O
,
我,O
项目部,O
在,O
现场,O
检查,O
钢筋,B
中,O
发现,O
现场,O
进场,O
的,O
12,B
钢筋,I
生产厂家,O
为,O
浙江,O
富钢,O
金属,O
制品,O
有限公司,O
，,O
此,O
厂家,O
未,O
在,O
建设,O
单位,O
限定,O
厂家,O
品牌,O
范围,O
内,O
，,O
且,O
尚未,O
进场,O
报验,O
和,O
检测,O
；,O
,
格构柱,B
与,O
支撑,B
梁,I
节点,I
未,O
按,O
设计,O
施工,O
,
部分,O
支撑,B
、,O
栈桥梁,B
底部,I
箍筋,B
绑扎,O
跳扎,O
严重,O
；,O
,
局部,O
支撑,B
、,O
栈桥梁,B
底筋,I
间距,O
偏小,O
，,O
无法,O
保证,O
砼,B
对,O
钢筋,B
的,O
有效,O
握裹力,O
；,O
,
局部,O
梁,B
、,O
板,B
侧模,I
不,O
顺直,O
；,O
,
1,B
-,I
5,I
/,I
F,I
轴处,I
施工,O
的,O
挡土墙,B
个别,O
墙柱,B
墩,I
间距,O
大于,O
设计,O
要求,O
；,O
,
你,O
项目部,O
于,O
2017年,O
11月,O
6日,O
送检,O
代表,O
部位,O
为,O
支撑梁,B
部位,I
的,O
一组,O
上海,B
申特,I
HRB40025,I
直,I
螺纹,I
接头,I
，,O
检测,O
报告,O
编号,O
为,O
:,O
E02710231700383,O
，,O
在,O
2017,O
年,O
11,O
月,O
7,O
日,O
的,O
检测,O
中,O
，,O
其中,O
一,O
件,O
试件,B
接头,I
破坏,O
形态,O
为,O
连接件,B
破坏,O
，,O
检测,O
结果,O
不,O
符合,O
相关,O
技术,O
要求,O
。,O
,
钢筋,B
网片,I
未,O
按,O
设计,O
图纸,O
要求,O
设置,O
，,O
图纸,O
要求,O
为,O
8,B
@,I
200,I
*,I
200mm,I
钢筋网,I
，,O
桩,B
间,I
砼,B
厚度,O
为,O
400mm,O
厚,O
，,O
桩,B
凸面,I
砼,B
厚度,O
为,O
100mm,O
厚,O
。,O
,
钢筋,B
在,O
桩间,B
弯折,O
，,O
未,O
通常,O
拉直,O
；,O
,
多处,O
喷锚,B
脱落,O
，,O
钢筋,B
裸露,O
，,O
喷锚,B
厚度,O
不,O
符合,O
设计,O
图纸,O
要求,O
。,O
,
剪刀撑,B
搭接,I
部位,I
未,O
按,O
设计,O
图纸,O
要求,O
设置,O
缀板,B
连接,I
；,O
,
9,B
-,I
L,I
轴线,I
剪刀撑,B
设置,O
位置,O
与,O
设计,O
图纸,O
不符,O
；,O
,
个别,O
剪刀撑,B
起始,O
高度,O
与,O
角度,O
和,O
设计,O
图纸,O
不符,O
；,O
,
己,O
施工,O
的,O
剪刀撑,B
焊缝,I
质量,O
必须,O
加强,O
，,O
现场,O
实际,O
情况,O
点焊,O
较,O
多,O
，,O
特别,O
加强,O
与,O
立柱,B
连接处,I
的,O
焊缝,B
质量,O
。,O
,
长,B
钢筋,I
网片,I
未,O
按,O
设计,O
图纸,O
要求,O
设置,O
，,O
图纸,O
要求,O
为,O
8,B
@,I
200,I
*,I
200,I
钢筋网,I
，,O
桩,B
间,I
砼,B
厚度,O
为,O
400mm,O
厚,O
，,O
桩,B
凸面,I
砼,B
厚度,O
为,O
100mm,O
厚,O
。,O
,
钢筋,B
在,O
桩间,B
弯折,O
，,O
未,O
通长,O
拉直,O
。,O
,
桩间,B
土未,O
清理,O
干净,O
。,O
,
局部,O
抗拔桩,B
桩头,I
破除,O
后,O
成型,O
标高,O
比,O
设计,O
要求,O
的,O
标高,O
低,O
，,O
造成,O
桩头,B
无法,O
锚入,O
筏板,B
内,I
；,O
,
局部,O
已,O
破除,O
的,O
桩头,B
观感,O
差,O
，,O
个别,O
桩头,B
破除,O
后,O
砼,B
不,O
完整,O
；,O
,
局部,O
桩头,B
破除,O
后,O
桩,B
钢筋,I
锚入,O
承台,B
及,O
筏板,B
锚固,O
长度,O
不足,O
。,O
,
监理组,O
现场,O
检查,O
柱墩,B
钢筋,I
，,O
发现,O
柱墩,B
钢筋,I
连接,I
使用,O
的,O
套筒,B
未,O
报验,O
、,O
未经,O
检测,O
合格,O
就,O
己,O
使用,O
，,O
且,O
套筒,B
是,O
非正反,B
丝,I
套筒,I
、,O
连接,O
根本,O
不,O
紧密,O
、,O
也,O
达,O
不,O
到,O
规范,O
要求,O
的,O
扭矩,O
，,O
请,O
你,O
方,O
立即,O
整改,O
！,O
,
2018年,O
1月,O
25日,O
，,O
监理组,O
现场,O
检查,O
发现,O
沉降,B
后浇带,I
橡胶,B
止水条,I
保护层,I
砼,B
浇筑,O
，,O
未,O
按照,O
设计,O
要求,O
留,O
置,O
30,O
的,O
沉降,B
缝,I
，,O
请,O
你,O
方,O
立即,O
整改,O
！,O
,
监理,O
在,O
现场,O
巡视,O
发现,O
，,O
塔楼,B
坑中,I
坑,I
部位,I
除,O
西侧,O
外,O
均,O
未,O
做,O
防水,B
，,O
现己,O
开始,O
绑扎,O
钢筋,B
。,O
,
监理,O
在,O
现场,O
巡视,O
发现,O
，,O
塔楼,B
部位,I
现己,O
开始,O
绑扎,O
钢筋,B
，,O
钢筋,B
套丝,I
长度,O
长短,O
不一,O
，,O
局部,O
套丝,B
长度,O
过,O
短,O
，,O
现,O
要求,O
施工,O
单位,O
针对,O
以上,O
情况,O
进行,O
整改,O
，,O
严恪,O
按,O
设计,O
规范,O
施工,O
，,O
整改,O
完成,O
后报,O
监理,O
验收,O
。,O
,
l,B
-,I
3,I
/,I
N,I
-,I
F,I
轴,I
区域,I
部位,I
桩头,B
超灌,O
高度,O
不够,O
，,O
现场,O
未,O
按,O
设计,O
及,O
规范,O
要求,O
处理,O
桩头,B
直接,O
进行,O
下,O
道,O
工序,O
开始,O
绑扎,O
钢筋,B
；,O
,
监理,O
在,O
现场,O
巡视,O
发现,O
，,O
塔楼,B
部位,I
加厚,B
区,I
三,B
筏板,I
厚,O
3400,O
，,O
按,O
图纸,O
要求,O
应,O
附加,O
3,O
层,O
钢筋网,B
，,O
现场,O
实际,O
只,O
有,O
2,O
层,O
，,O
现,O
要求,O
施工,O
单位,O
及早,O
补加,O
一,O
层,O
，,O
严格,O
按,O
设计,O
图纸,O
施工,O
，,O
整改,O
完成,O
后报,O
监理,O
验收,O
。,O
,
1,O
、,O
地库,B
外墙,I
根部,I
加强,B
附加,I
纵向,I
钢筋,I
高度,O
仅,O
900mm,O
左右,O
，,O
设计,O
为,O
1500mm,O
；,O
,
外墙,B
遇柱,I
部位,O
附加,B
水平,I
分布筋,I
10,O
@,O
200,O
未,O
设置,O
；,O
,
外墙,B
钢筋,I
无,O
保护层,B
垫块,I
、,O
外墙,B
外侧,I
防裂,B
钢筋网,I
无,O
定位,O
措施,O
；,O
,
WQ2,B
变,I
截面,I
内侧,I
纵向,B
钢筋,I
未,O
锚固,O
进入,O
顶板,B
；,O
,
WQ2,B
变,I
截面,I
上层,I
纵向,B
钢筋,I
未,O
预先,O
下,O
锚固,B
进入,O
下层,B
墙体,I
。,O
,
监理组,O
检查,O
7,B
-,I
12,I
轴,I
/,I
J,I
-,I
N,I
轴,I
负二层,B
楼板,B
钢筋,I
安装,O
，,O
发现,O
楼板,B
钢筋,I
未,O
按照,O
无梁,B
楼盖,I
板筋,I
规定,O
贯通,O
安装,O
缺陷,O
，,O
请,O
施工方,O
立即,O
整改,O
！,O
,
监理组,O
检查,O
负,B
二,I
层,I
墙,B
梁板,I
钢筋,I
安装,O
，,O
发现,O
水电风,B
等,I
预埋管,I
预留洞,I
作业,O
直接,O
将,O
墙,B
梁板,I
钢筋,I
割断,O
，,O
造成,O
严重,O
质量,O
缺陷,O
，,O
对,O
此,O
，,O
请,O
施工方,O
立即,O
按照,O
规范,O
要求,O
进行,O
加固,O
补强,O
！,O
,
监理组,O
检查,O
塔楼,B
部位,O
负,B
二,I
层,I
梁板,B
钢筋,I
安装,O
，,O
发现,O
部分,O
梁纵筋,B
与,O
型钢,B
柱,I
连接,O
不,O
够,O
锚固,O
长度,O
，,O
为,O
确保,O
工程,O
结构,O
质量,O
缺,O
，,O
请,O
施工方,O
立即,O
按照,O
设计,O
或,O
规范,O
要求,O
进行,O
整改,O
!,O
,
型钢,B
柱,I
梁底筋,I
局部,I
未,O
与,O
连接板,B
焊接,O
，,O
局部,O
已,O
焊接,O
的,O
焊缝,B
长度,O
不足,O
；,O
,
柱冒,B
部位,I
拉筋,B
设置,O
不足,O
；,O
,
局部,O
梁,B
、,O
柱,B
、,O
板,B
保护层,I
垫块,B
设置,O
数量,O
均,O
不足,O
要求,O
，,O
局部,O
箍筋,B
或,O
纵筋,B
紧贴,O
模板,B
无,O
保护层,B
；,O
,
局部,O
梁,B
、,O
板筋,B
未,O
满,O
扎,O
；,O
,
局部,O
梁挑筋,B
长度,O
不够,O
，,O
二排,B
筋,I
锚入型,B
钢柱,I
长度,O
不够,O
；,O
,
局部,O
板筋,B
未,O
做,O
弯锚,B
或,O
锚入,O
支座,B
长度,O
不够,O
；,O
,
局部,O
洞口,B
或,O
预埋管,B
位置,O
未,O
设置,O
补强,B
钢筋,I
或,O
补强,O
不,O
符合,O
要求,O
；,O
,
局部,O
排架,B
立杆,I
歪斜,O
，,O
局部,O
梁底,B
立杆,B
未用,O
顶托,B
支撑,O
，,O
局部,O
梁底,B
缺少,O
立杆,B
或,O
立杆,B
间距,O
偏,O
大,O
；,O
,
反梁,B
部位,I
立杆,B
间距,O
过,O
大,O
，,O
未,O
设置,O
梁底,B
立杆,I
；,O
,
未,O
严格,O
按照,O
模板,B
方案,O
设置,O
剪刀撑,B
，,O
局部,O
缺少,O
扫地杆,B
；,O
,
立杆,B
底部,I
未,O
按照,O
模板,B
方案,O
设置,O
方木,B
垫块,I
；,O
,
楼梯,B
部位,I
排架,B
局部,O
悬空,O
；,O
,
止水,B
钢板,I
局部,O
搭接,B
长度,O
偏短,O
或,O
未,O
双面,O
满焊,O
；,O
,
局部,O
楼板,B
双层,I
钢筋,I
安装,O
马凳,B
支座,I
偏,O
少,O
，,O
致使,O
楼板,B
有效,O
截面,O
尺寸,O
不足,O
；,O
,
局部,O
模板,B
平整度,O
、,O
垂直,O
度及,O
拼缝,B
偏,O
大,O
，,O
局部,O
模板,B
预拱度,O
不足,O
，,O
局部,O
采用,O
废旧,B
模板,I
。,O
,
格构,B
柱,I
部位,O
板,B
钢筋,I
随意,O
割断,O
;,O
,
局部,O
板钢筋,B
网片,I
偏低,O
，,O
减小,O
板,B
有效,O
截面,O
；,O
,
3,B
#,I
汽车,I
坡道,I
净宽,O
设计,O
尺寸,O
未,O
4.1,O
米,O
，,O
现场,O
实际,O
尺寸,O
4.15,O
；,O
,
C,B
轴,I
/,I
11,I
-,I
12,I
轴,I
800,O
的,O
梁箍筋,B
加密,O
不,O
到位,O
；,O
,
D,B
轴,I
/,I
9,I
-,I
,
,
10,I
轴,I
预留,B
洞口,I
未,O
加固,O
；,O
,
C,B
轴,I
/,I
6,I
轴,I
柱帽,B
加密,O
不,O
到位,O
;,O
,
有些,O
柱帽,B
拉筋,I
偏,O
少,O
；,O
,
少数,O
水电,B
配管,I
布置,O
间距,O
不,O
满足,O
规范,O
要求,O
。,O
,
排架,B
立杆,I
无,O
垫木,B
、,O
局部,O
缺少,O
扫地杆,B
、,O
少数,O
立杆,B
顶托,I
伸出,O
太,O
长,O
或,O
偏心,O
受压,O
。,O
,
监理,O
组,O
在,O
现场,O
巡视,O
发现,O
负,B
二,I
层,I
一区,B
墙柱,B
钢筋,I
未,O
按,O
拆撑,O
方案,O
搭设,O
防护,B
，,O
请,O
施工方,O
严格,O
按照,O
拆撑,O
方案,O
施工,O
；,O
,
监理组,O
现场,O
巡视,O
时,O
发现,O
你,O
单位,O
连廊,B
灌浆,I
拆模,O
后,O
空鼓,O
露筋,O
现象,O
严重,O
，,O
现,O
要求,O
你,O
单位,O
编制,O
可靠,O
的,O
修补,O
方案,O
，,O
进行,O
修补,O
整改,O
到位,O
；,O
,
监理,O
在,O
现场,O
巡视,O
中,O
，,O
发现,O
一,B
区,I
负,B
二层,I
排架,B
搭设,O
过程,O
中,O
立杆,B
底部,I
未,O
按,O
模板,B
方案,O
要求,O
设置,O
400,B
*,I
100,I
*,I
50,I
木,I
垫块,I
，,O
请,O
施工方,O
严格,O
按照,O
方案,O
要求,O
施工,O
，,O
对,O
现场,O
立杆,O
未,O
设置,O
垫木,O
的,O
地方,O
及时,O
整改,O
，,O
整改,O
完成,O
报,O
监理,O
验收,O
。,O
,
监理组,O
检查,O
发现,O
B3,B
层,I
地库,B
外墙,I
局部,O
出现,O
通透,O
裂缝,O
，,O
为,O
确保,O
工程,O
结构,O
质量,O
，,O
现,O
要求,O
施工方,O
就,O
此类,O
质量,O
缺陷,O
提出,O
可靠,O
有效,O
的,O
处理,O
方案,O
，,O
报,O
监理,O
、,O
建设方,O
同意,O
后,O
，,O
及时,O
按照,O
审核,O
同意,O
的,O
处理,O
方案,O
认真,O
整改,O
处理,O
！,O
,
监理组,O
检查,O
发现,O
塔楼,B
区域,I
B3,B
层,I
地库,B
顶板,I
多,O
处,O
出现,O
通透,O
裂缝,O
，,O
为,O
确保,O
工程,O
结构,O
质量,O
，,O
现,O
要求,O
施工方,O
就,O
此类,O
质量,O
缺陷,O
提出,O
可靠,O
有效,O
的,O
处理,O
方案,O
，,O
报,O
监理,O
、,O
建设方,O
同意,O
后,O
，,O
及时,O
按照,O
审核,O
同意,O
的,O
处理,O
方案,O
认真,O
整改,O
处理,O
！,O
,
塔楼,B
区域,O
型钢,B
柱,I
部位,O
梁,B
钢筋,I
局部,O
锚固,O
长度,O
不足,O
且,O
未,O
与,O
型钢,B
柱,I
连接板,I
焊接,O
,
塔楼,B
区域,I
局部,O
大梁,B
底筋,I
由于,O
侧模,B
已,O
全部,O
封模,O
导致,O
无法,O
满扎,O
,
消防,B
水池,I
、,O
核心筒,B
等,O
部位,O
墙体,B
钢筋,I
跳扎,O
现象,O
严重,O
,
纵向,B
立杆,I
步距,O
超过,O
1.5m,O
，,O
达到,O
1.9,O
-,O
2,O
m,O
；,O
,
自由端,B
达到,O
1.5,O
-,O
1.8m,O
超过,O
50cm,O
少,O
一道,O
水平杆,B
;,O
,
纵向,B
水平杆,I
隔,O
了,O
2,O
-,O
3,O
跨,O
才,O
设置,O
一道,O
水平杆,B
;,O
,
高低,B
跨,I
未,O
按,O
规范,O
要求,O
延伸,O
两,O
跨,O
；,O
,
顶托,B
局部,O
存在,O
只有,O
一根,O
现象,O
。,O
,
监理组,O
检查,O
发现,O
塔楼,B
区域,I
二,B
层,I
梁,B
L57,I
施工,O
不,O
符合,O
设计,O
，,O
请,O
施工方,O
尽快,O
彻底,O
整改,O
!,O
,
劲型柱,B
灌浆,I
料,I
材料,I
检测,O
不,O
合格,O
；,O
,
地下,B
三层,I
外墙板,B
局部,O
存在,O
裂缝,O
、,O
渗水,O
；,O
地下室,B
顶板,I
局部,O
存在,O
裂缝,O
。,O
,
监理,O
在,O
现场,O
巡视,O
中,O
，,O
发现,O
塔楼,B
五层,I
楼面,B
东侧,I
出现,O
一,O
条,O
贯通,O
裂缝,O
，,O
经,O
初步,O
分析,O
是,O
由于,O
四层,B
排架,B
拆除,O
过早,O
导致,O
，,O
要求,O
施工,O
单位,O
分析,O
原因,O
，,O
及时,O
出具,O
处理,O
方案,O
。,O
,
现场,O
05a,B
埋件,I
与,O
设计,O
不符,O
；,O
,
进场,O
埋件,B
涂,O
锌,O
厚度,O
不,O
符合,O
设计,O
及,O
规范,O
要求,O
；,O
,
进场,O
埋件,B
未,O
通知,O
监理,O
组,O
验收,O
即,O
开始,O
现场,O
使用,O
；,O
,
板筋,B
锚固,O
长度,O
不足,O
，,O
型钢,B
柱,I
节点,I
部位,O
梁二排筋,B
锚固,O
长度,O
不足,O
,
梁侧,B
钢筋,I
无,O
保护层,B
，,O
梁底,B
木屑,O
、,O
焊渣,O
等,O
垃圾,O
未,O
清理,O
干净,O
,
六层,B
排架,B
梁底,I
立杆,B
未,O
用,O
扫地杆,B
拉通,O
,
小梁,B
底模,I
用,O
步步,B
紧,I
加固,O
，,O
板底,B
木方,B
间距,O
过大,O
,
地下室,B
型钢,I
柱,I
加固,I
植筋,I
深度,O
不足,O
，,O
加固,B
钢筋,I
下料,O
长度,O
不足,O
，,O
箍筋,B
焊接,O
长度,O
不足,O
,
局部,O
大梁,B
底,I
立杆,B
设置,O
与,O
方案,O
不符,O
,
你,O
项目部,O
进场,O
的,O
江苏,B
沙钢,I
幕墙,I
预埋件,I
钢筋,I
T形,I
接头,I
，,O
在,O
2018年,O
12月,O
20日,O
的,O
复检,O
中,O
，,O
检测,O
结果,O
不,O
符合,O
JGJ18,O
-,O
2012,O
《,O
钢筋,O
焊接,O
及,O
验收,O
规程,O
》,O
的,O
技术,O
要求,O
。,O
,
现场,O
负,B
一,I
层,I
砼导墙,B
现,O
已,O
支模,O
还,O
未,O
剔凿,O
，,O
不,O
符合,O
龙湖,O
集团,O
工程,O
质量,O
检查,O
评估,O
管理,O
规范,O
第5,O
条,O
5.2款,O
，,O
要求,O
总包,O
及时,O
整改,O
到位,O
；,O
,
负,B
一,I
层,I
构造柱,B
搭接,I
长度,O
及,O
拉墙,B
筋,I
长度,O
过,O
短,O
不,O
符合,O
规范,O
要求,O
，,O
要求,O
总包,O
单位,O
尽快,O
整改,O
到位,O
，,O
后报,O
监理,O
组,O
复查,O
。,O
,
2018年,O
7月,O
11日,O
监理,O
组接,O
到,O
质监方,O
电话,O
通知,O
，,O
塔楼,B
区域,I
型钢,B
柱,I
灌浆料,I
检测,O
不,O
合格,O
，,O
为,O
避免,O
出现,O
重大,O
质量,O
缺陷,O
，,O
请,O
贵方,O
及早,O
整改,O
！,O
,
监理组,O
现场,O
检查,O
发现,O
塔楼,B
区域,I
一,B
层,I
WKL1,B
模板,I
尺寸,O
宽,O
仅,O
284,O
，,O
严重,O
偏小,O
，,O
请,O
施工方,O
尽快,O
彻底,O
整改,O
！,O
,
监理组,O
现场,O
检查,O
发现,O
塔楼,B
区域,I
一,B
层,I
楼板,B
4,B
-,I
6,I
轴,I
/,I
F,I
-,I
H,I
轴,I
等,O
附加,B
钢筋,I
严重,O
锈蚀,O
，,O
请,O
施工方,O
尽快,O
彻底,O
整改,O
！,O
,
监理组,O
现场,O
巡视,O
发现,O
塔楼,B
区域,I
一,B
层,I
排架,B
局部,O
扫地杆,B
缺失,O
、,O
顶托,B
未,O
顶,O
到,O
主楞,B
、,O
局部,O
立样,B
悬空,O
、,O
立杆,B
底部,I
未,O
设置,O
木垫块,B
、,O
最,B
上,I
一步,I
横杆,I
缺失,O
、,O
局部,O
梁底筋,B
、,O
梁侧,B
钢筋,I
未,O
满,O
扎,O
。,O
,
监理组,O
巡视,O
时,O
发现,O
负,B
一层,I
7,B
-,I
12,I
/,I
轴肥槽,I
剪力墙,B
外侧,I
挤塑板,B
大面积,O
脱落,O
未,O
重新,O
粘贴,O
，,O
要求,O
施工,O
单位,O
立即,O
整改,O
重新,O
牢固,O
粘贴,O
再,O
进行,O
基槽,B
回填,O
。,O
,
肥槽,B
垃圾,O
未,O
清理,O
干净,O
,
防水层,B
多处,O
破损,O
未,O
修补,O
,
未,O
按,O
设计,O
要求,O
铺贴,O
防水,B
保护层,I
就,O
开始,O
回填,O
,
过程,O
中,O
局部,O
立杆,B
搭接,I
接长,O
，,O
最,O
上,O
一步,O
少,O
一个,O
方向,B
大,I
横杆,I
；,O
,
楼板,B
底,I
支撑,B
主楞,I
未,O
按,O
方案,O
要求,O
设置,O
两根,O
钢管,B
，,O
局部,O
只,O
设置,O
一根,O
钢管,B
；,O
,
高支模,B
横杆,I
局部,O
未,O
拉通,O
设置,O
；,O
,
高支模,B
立杆,I
局部,O
搭接,B
过,O
长,O
；,O
,
立杆,B
底,I
局部,O
未,O
设置,O
木,B
垫块,I
。,O
,
监理,O
现场,O
发现,O
二,B
区,I
二层,B
排架,B
在,O
搭设,O
过程,O
中,O
，,O
有,O
局部,O
立杆,B
间距,O
不,O
符合,O
规范,O
要求,O
，,O
其中,O
最大,O
间距,O
大于,O
1000mm,O
，,O
要求,O
施工,O
单位,O
整改,O
到位,O
,
悬挑梁,B
端头,I
第一,B
排,I
钢筋,I
未,O
按,O
设计,O
及,O
规范,O
要求,O
下弯,O
12D,O
；,O
,
梁底,B
钢筋,B
未,O
满,O
扎,O
；,O
,
型钢,B
柱,I
部位,I
钢筋,B
焊接,O
长度,O
不,O
符合,O
设计,O
及,O
规范,O
要求,O
；,O
,
楼板,B
底,I
支撑,B
主楞,I
未,O
按,O
方案,O
要求,O
设置,O
两根,O
钢管,B
，,O
局部,O
只,O
设置,O
一根,O
钢管,B
；,O
,
立杆,B
局部,O
搭接,B
接长,O
；,O
,
屋,B
面板,I
面筋,I
没有,O
满扎,O
、,O
面筋,B
搭接,O
长度,O
不足,O
；,O
,
梁底,B
钢筋,B
局部,O
未,O
满,O
扎,O
、,O
梁底,B
垫块,B
未,O
设置,O
到位,O
；,O
,
女儿,B
墙,I
插筋,I
锚固,O
长度,O
不足,O
；,O
,
板筋,B
在,O
端,B
支座,I
锚固,O
长度,O
不足,O
；,O
,
发现,O
二,B
区,I
屋面,B
女儿,I
墙,I
未,O
与,O
屋面,B
共同,O
浇筑,O
，,O
不,O
符合,O
龙湖,O
集团,O
自持,O
商业,O
项目,O
工程,O
质量,O
风险,O
检查,O
评分表,O
中,O
7.3,O
条,O
；,O
,
拉筋,B
局部,O
缺失,O
，,O
且,O
部分,O
拉筋,B
、,O
箍筋,B
未,O
绑扎,O
牢固,O
，,O
存在,O
漏绑,O
现象,O
：,O
,
垫块,B
设置,O
不,O
规范,O
，,O
且,O
数量,O
不足,O
；,O
,
钢筋,B
无,O
保护层,B
的,O
地方,O
未,O
处理,O
就,O
开始,O
封模,O
；,O
,
巡视,O
现场,O
发现,O
地下,B
一,I
层,I
拉墙筋,B
不,O
满足,O
规范,O
要求,O
，,O
现场,O
只有,O
60cm,O
：,O
砌墙,B
粘结剂,I
饱满度,O
不足,O
，,O
未,O
满,O
批,O
；,O
,
洞口,B
过梁,I
搁置,O
小于,O
规范,O
要求,O
25cm,O
，,O
要求,O
你,O
单位,O
及时,O
整改,O
到位,O
，,O
后报,O
监理,O
组,O
复查,O
。,O
,
现场,O
发现,O
裙房,B
屋面,I
女儿,I
墙,I
止水,I
螺杆,I
切割,O
未,O
凹进,O
5mm,O
，,O
未报,O
监理,O
组,O
验收,O
，,O
已,O
抹灰,O
，,O
要求,O
总包,O
单位,O
必须,O
返工,O
处理,O
，,O
后报,O
监理,O
组,O
复查,O
。,O
,
现场,O
发现,O
塔楼,B
五层,I
卫生间,B
实心,B
砖,I
砌筑,O
过程,O
中,O
，,O
砖砌体,B
全部,O
是,O
丁砌,O
，,O
不,O
符合,O
规范,O
要求,O
，,O
要求,O
你,O
单位,O
必须,O
返工,O
整改,O
，,O
后报,O
监理,O
组,O
复查,O
。,O
,
现场,O
监理,O
组于,O
2019年,O
3月,O
20日,O
发现,O
现场,O
地下,B
一,I
层,I
二次,B
结构,I
使用,O
自拌,B
混凝土,I
，,O
发,O
工程,O
质量,O
类,O
监理,O
通知单,O
-,O
A.0,O
.,O
101,O
要求,O
你,O
方,O
整改,O
；,O
,
巡视,O
现场,O
发现,O
塔楼,B
十一,B
层,I
砌筑,O
过程,O
中,O
，,O
1,B
/,I
M,I
-,I
K,I
轴,I
西侧,I
墙,B
超出,O
5M,O
，,O
中间,O
未,O
设置,O
构造柱,B
，,O
并且,O
窗台,B
梁,I
压,I
顶,I
未,O
放置,O
钢筋,B
，,O
现,O
已,O
浇筑,O
砼,O
；,O
,
局部,O
梁钢筋,B
二,B
排,I
筋,I
锚固,O
长度,O
不足,O
,
钢筋,B
与,O
型钢,B
柱,I
连接板,I
焊接,I
焊缝,I
长度,O
不足,O
,
梁,B
加密区,I
长度,O
不足,O
、,O
梁,B
伸入,O
剪力墙,B
锚固,O
长度,O
不足,O
,
梁底,B
扎丝,B
、,O
垃圾,O
较,O
多,O
,
现场,O
18,O
、,O
20,O
、,O
22,O
无,O
复试,O
报告,O
,
梁加腋处,B
箍筋,B
用,O
开口,B
箍,I
未,O
绑扎,O
牢固,O
或者,O
焊接,O
牢固,O
,
多处,O
模板,B
破损,O
、,O
翘曲,O
变形,O
、,O
固定,O
不,O
牢固,O
,
多处,O
接缝,B
过,O
大,O
、,O
阴角,B
未,O
固定,O
牢固,O
,
排架,B
钢管,I
多处,O
弯曲,O
变形,O
、,O
可调,B
顶托,I
伸出,O
长度,O
超过,O
300mm,O
,
局部,O
排架,B
缺,O
水平杆,B
、,O
梁顶撑,B
歪斜,O
,
塔楼,B
十一,I
层,I
至,I
十二,I
层,I
楼梯,B
平台,I
墙体,I
已,O
满足,O
4,O
米,O
，,O
按照,O
设计,O
图纸,O
要求,O
应,O
增设,O
腰梁,B
，,O
但,O
监理,O
组,O
巡视,O
现场,O
发现,O
实际,O
与,O
设计,O
图纸,O
不符,O
，,O
要求,O
你,O
单位,O
及时,O
整改,O
后,O
报,O
监理,O
组,O
复查,O
合格,O
后,O
才,O
能,O
进行,O
下,O
一,O
道,O
工序,O
。,O
,
防排烟,B
风管,I
法兰,I
连接,I
的,O
密封,B
胶条,I
，,O
未,O
采用,O
阻燃,B
材料,I
。,O
,
现场,O
加工,O
的,O
排烟,B
风管,I
1300,I
*,I
700,I
正压,I
送风,I
管,I
700,I
*,I
550,I
采用,O
共板,B
法兰,I
，,O
与,O
图纸,O
施工,O
总,O
说明,O
4.1,O
.,O
1,O
中,O
角钢,B
法兰,I
工艺,O
不符,O
,
现场,O
库房,B
灭火器,I
缺失,O
。,O
,
项目,O
经理,O
未能,O
坚持,O
在,O
现场,O
进行,O
长效,O
管理,O
；,O
,
排烟,B
风管,I
半成品,I
加工,O
的,O
翻边,B
宽度,O
和,O
咬口,B
密实度,O
质量,O
局部,O
不符,O
；,O
,
排烟管,B
和,O
送风,B
管,I
出风口,I
的,O
位置,O
，,O
局部,O
与,O
角钢,B
法兰,I
冲突,O
,
风管,B
运至,O
现场,O
，,O
内外,B
壁,I
污染,O
没有,O
及时,O
清理,O
干净,O
；,O
,
竖井,B
风管,I
支架,I
间距,O
，,O
个别,O
位置,O
存在,O
超出,O
了,O
规范,O
规定,O
的,O
距离,O
。,O
,
塔楼,B
区域,I
急需,O
处理,O
的,O
排烟,B
和,I
正压,I
送风,I
管,I
及,O
消防,B
、,O
喷淋,B
等,O
相关,O
的,O
管道,B
系统,I
，,O
未能,O
及时,O
有效,O
的,O
施工,O
，,O
直接,O
影响,O
了,O
土建,B
墙体,I
砌筑,O
、,O
综合,O
管线,O
的,O
后续,O
施工,O
，,O
且,O
土建,O
总,O
包方,O
已,O
连续,O
发出,O
联系单,O
催促,O
相关,O
部位,O
的,O
消防,O
施工,O
。,O
,
消防,B
风管,I
立管,I
于,O
墙面,B
需要,I
开孔,I
位置,I
，,O
土建,O
在,O
二次,B
结构,I
砌墙,I
的,O
预留,B
洞口,I
大于,O
300,O
的,O
洞口,B
，,O
已经,O
提及,O
多日,O
，,O
请,O
于,O
三天,O
内,O
及时,O
提供,O
三方,O
确认,O
签字,O
，,O
以,O
方便,O
砌墙,O
时,O
预留,O
，,O
并,O
提供,O
电子版,O
。,O
,
排烟,B
风管,I
和,O
送风,B
管,I
所,O
采用,O
的,O
支,B
吊架,I
材料,I
与,O
图纸,O
4.4,O
施工,O
要求,O
的,O
08K132,O
不符,O
，,O
请,O
及时,O
调整,O
。,O
