独立,v
基础,n
钢筋,n
接头,n
?O,
打磨,v
平整,a
?O,
?O,
保护?B,
?O,
要求,v
总包,n
?O,
中建,j
?O,
?O,
7?O,
15?O,
?O,
整改,v
完成,v
,
独立,v
基础,n
底部,nd
垫块,v
?O,
?B,
?O,
要求,v
总包,n
?O,
中建,j
?O,
?O,
7?O,
15?O,
?O,
整改,v
完成,v
,
10,m
#,wp
塔吊,n
基础,n
竖向,n
拉钩,v
设置,v
?O,
标准,n
?O,
要求,v
总包,n
?O,
中建,j
?O,
?O,
7?O,
22?O,
?O,
整改,v
完成,v
,
DJ,ws
养护,v
?O,
?O,
及时,a
轻微,a
开?O,
?O,
要求,v
总包,n
?O,
中建,j
?O,
?O,
7?O,
22?O,
?O,
整改,v
完成,v
,
钢筋?B,
加劲,v
?I,
间距,n
?O,
?O,
?O,
要求,v
总包,n
?O,
中建,j
?O,
?O,
7?O,
22?O,
?O,
整改,v
完成,v
,
旋挖?B,
施工,v
?O,
安装,v
护筒,n
?O,
要求,v
总包,n
?O,
中建,j
?O,
?O,
7?O,
22?O,
?O,
整改,v
完成,v
,
孔底,nh
淤泥,n
?O,
要求,v
总包,n
?O,
中建,j
?O,
?O,
7?O,
22?O,
?O,
整改,v
完成,v
,
人工,d
挖孔?I,
?O,
设置,v
轴线,n
标识,n
?O,
要求,v
总包,n
?O,
中建,j
?O,
?O,
7?O,
22?O,
?O,
整改,v
完成,v
,
?B,
螺纹,v
连接,v
超过,v
1.5,m
?O,
?O,
要求,v
总包,n
?O,
中建,j
?O,
?O,
7?O,
22?O,
?O,
整改,v
完成,v
,
5,m
#,wp
塔吊,n
基础,n
竖向,n
拉钩,v
倾斜,v
?O,
要求,v
总包,n
?O,
中建,j
?O,
?O,
7?O,
29?O,
?O,
整改,v
完成,v
,
5,m
#,wp
塔吊,n
基坑?I,
局?O,
风化,v
掉落,v
?O,
坑底,n
?O,
进行,v
清理,v
?O,
要求,v
总包,n
?O,
中建,j
?O,
?O,
7?O,
29?O,
?O,
整改,v
完成,v
,
钢筋,n
制作?I,
钢筋,n
焊接,v
个别,a
?O,
饱满,a
?O,
及时,a
清除,v
焊渣,n
检?O,
焊接,v
质量,n
?O,
要求,v
总包,n
?O,
中建,j
?O,
?O,
7?O,
29?O,
?O,
整改,v
完成,v
,
个别,a
独立,a
基础,n
机械,n
连接,v
保护?I,
缺失,v
?O,
要求,v
总包,n
?O,
中建,j
?O,
?O,
7?O,
29?O,
?O,
整改,v
完成,v
,
钢筋,n
制作?I,
钢筋,n
焊接,v
个别,a
?O,
饱满,a
?O,
及时,a
清除,v
焊渣,n
检?O,
焊接,v
质量,n
?O,
要求,v
总包,n
?O,
中建,j
?O,
?O,
7?O,
29?O,
?O,
整改,v
完成,v
,
个别,a
独立,a
基础,n
机械,n
连接,v
保护,v
?I,
缺失,v
?O,
要求,v
总包,n
?O,
中建,j
?O,
?O,
7?O,
29?O,
?O,
整改,v
完成,v
,
个别,a
独立,a
基础,n
竖向,v
预留,v
?I,
插筋,v
弯锚?I,
长度,n
不足,a
?O,
要求,v
总包,n
?O,
中建,j
?O,
?O,
7?O,
29?O,
?O,
整改,v
完成,v
,
个别,a
钢筋?B,
加劲,v
?I,
间距,n
?O,
2,m
?O,
?O,
要求,v
总包,n
?O,
中建,j
?O,
?O,
7?O,
29?O,
?O,
整改,v
完成,v
,
个别,a
人工,d
挖孔?I,
井圈,n
?I,
?O,
标识,n
?O,
要求,v
总包,n
?O,
中建,j
?O,
?O,
7?O,
29?O,
?O,
整改,v
完成,v
,
个别,a
旋挖?B,
钢筋?I,
吊装,v
?O,
扭曲,v
?O,
要求,v
总包,n
?O,
中建,j
?O,
?O,
7?O,
29?O,
?O,
整改,v
完成,v
,
人工,d
挖孔?I,
个别,a
护臂,n
浇筑,v
?O,
?O,
?O,
?O,
要求,v
总包,n
?O,
中建,j
?O,
?O,
7?O,
29?O,
?O,
整改,v
完成,v
,
Q3,ws
?I,
支模,n
架体,n
站杆,n
垫方,n
?O,
地面,n
存在,v
间隙,n
?O,
要求,v
总包,n
?O,
中建,j
?O,
?O,
8?O,
5?O,
?O,
整改,v
完成,v
,
独立,v
基础,n
钢筋,n
施工,v
?O,
基坑?B,
松散,a
岩石,n
掉落,v
坑底,n
?O,
要求,v
总包,n
?O,
中建,j
?O,
?O,
8?O,
5?O,
?O,
整改,v
完成,v
,
独立,v
基础,n
机械,n
开?O,
?O,
?O,
坑壁,n
四周,nd
碎石,n
清理,v
?O,
到位,v
?O,
要求,v
总包,n
?O,
中建,j
?O,
?O,
8?O,
5?O,
?O,
整改,v
完成,v
,
已经,d
加工,v
?O,
?O,
钢筋,n
?I,
螺纹,v
?I,
插筋,v
保护?I,
缺失,v
?O,
要求,v
总包,n
?O,
中建,j
?O,
?O,
8?O,
5?O,
?O,
整改,v
完成,v
,
人工,d
挖孔?I,
偏位,n
?O,
要求,v
总包,n
?O,
中建,j
?O,
?O,
8?O,
5?O,
?O,
整改,v
完成,v
,
?B,
浇筑,v
过程,n
?O,
试压,v
?I,
制作,v
?O,
及时,a
?O,
要求,v
总包,n
?O,
中建,j
?O,
?O,
?O,
?O,
试件,n
制作,v
人员,n
进行,v
交底,v
?O,
,
钢筋,n
?I,
螺纹,v
车丝,n
完成,v
?O,
打磨,v
?O,
?O,
损伤,v
丝牙,n
?O,
要求,v
总包,n
?O,
中建,j
?O,
?O,
8?O,
12?O,
?O,
整改,v
完成,v
,
?B,
钢筋,n
电渣,n
压力?I,
焊包,n
突出,a
高度,n
不足,v
?O,
要求,v
总包,n
?O,
中建,j
?O,
?O,
8?O,
12?O,
?O,
整改,v
完成,v
,
?B,
钢筋?I,
螺旋,n
?I,
起始,v
?O,
达到,v
一,m
?O,
?O,
?O,
要求,v
总包,n
?O,
中建,j
?O,
?O,
8?O,
12?O,
?O,
整改,v
完成,v
,
条基?B,
泥浆,n
?O,
矿泉水瓶,n
?O,
清理,v
干净,a
?O,
要求,v
总包,n
?O,
中建,j
?O,
?O,
8?O,
12?O,
?O,
整改,v
完成,v
,
止水,v
钢板,n
接头,v
位置,n
焊穿,v
?O,
要求,v
总包,n
?O,
中建,j
?O,
?O,
8?O,
12?O,
?O,
整改,v
完成,v
,
止水,v
螺杆,n
止水,v
?I,
?O,
居中,v
?O,
要求,v
总包,n
?O,
中建,j
?O,
?O,
8?O,
12?O,
?O,
整改,v
完成,v
,
?B,
机械,n
连接,v
?O,
丝数,n
超过,v
规范,n
要求,n
?O,
要求,v
总包,n
?O,
中建,j
?O,
?O,
8?O,
12?O,
?O,
整改,v
完成,v
,
?B,
起始,v
?I,
超过,v
规范,n
要求,n
?O,
50mm,m
?O,
要求,v
总包,n
?O,
中建,j
?O,
?O,
8?O,
12?O,
?O,
整改,v
完成,v
,
Q3,ws
?I,
B4,m
?I,
?B,
竖向,v
钢筋,n
?O,
位于,v
箍筋,v
角部,n
?O,
要求,v
总包,n
?O,
中建,j
?O,
?O,
8?O,
20?O,
?O,
整改,v
完成,v
,
二级,b
平台,n
人工,d
挖孔?I,
吊装,v
过程,n
?O,
破坏,v
严重,a
?O,
要求,v
总包,n
?O,
中建,j
?O,
?O,
8?O,
20?O,
?O,
整改,v
完成,v
,
Q3,ws
?I,
B4,m
?I,
个别,a
柱子,n
?O,
设置,v
螺纹,n
保护?I,
?O,
要求,v
总包,n
?O,
中建,j
?O,
?O,
8?O,
17?O,
?O,
整改,v
完成,v
,
Q3,ws
?I,
B4,m
?I,
支模,n
架内,nl
个别,a
剪刀?B,
下部,nd
?O,
?O,
扣件,n
?O,
要求,v
总包,n
?O,
中建,j
?O,
?O,
8?O,
17?O,
?O,
整改,v
完成,v
,
Q3,ws
?I,
B4,m
?I,
柱子,n
箍筋,n
设置,v
不均匀,a
?O,
要求,v
总包,n
?O,
中建,j
?O,
?O,
8?O,
20?O,
?O,
整改,v
完成,v
,
现场,nl
钢筋?B,
制作,v
过程,n
?O,
焊机,n
电流,n
?O,
?O,
伤害,v
主筋,n
?O,
要求,v
总包,n
?O,
中建,j
?O,
?O,
8?O,
27?O,
?O,
整改,v
完成,v
,
Q3,ws
?I,
B4,m
?I,
钢筋,n
绑扎,v
跳绑,v
严重,a
?O,
要求,v
总包,n
?O,
中建,j
?O,
?O,
8?O,
25?O,
?O,
整改,v
完成,v
,
Q3,ws
?I,
B4,m
?I,
个别,a
电渣,n
压力,n
?O,
存在,v
偏心,a
现象,n
?O,
要求,v
总包,n
?O,
中建,j
?O,
?O,
8?O,
25?O,
?O,
整改,v
完成,v
,
现场,nl
钢筋?B,
制作,v
单面,n
搭接,v
?O,
距离,n
?O,
满足,v
设计,v
?O,
规范,a
要求,n
?O,
要求,v
总包,n
?O,
中建,j
?O,
?O,
8?O,
27?O,
?O,
整改,v
完成,v
,
Q3,ws
?I,
B4,ws
?I,
顶部,nd
缺少,v
水平?B,
?O,
要求,v
总包,n
?O,
中建,j
?O,
?O,
9?O,
3?O,
?O,
整改,v
完成,v
,
Q2,ws
?I,
独立,a
基础,n
浇筑,v
完成,v
?O,
养护,v
?O,
及时,a
?O,
要求,v
总包,n
?O,
中建,j
?O,
?O,
8?O,
30,m
日前,nt
整改,v
完成,v
,
Q3,ws
?I,
B4,m
?I,
支模?B,
扫地?I,
?O,
连?O,
?O,
要求,v
总包,n
?O,
中建,j
?O,
?O,
8?O,
30,m
日前,nt
整改,v
完成,v
,
Q3,ws
?I,
B4,ws
?I,
个别,a
机械,n
连接,v
外露,v
丝牙,n
?O,
?O,
?O,
要求,v
总包,n
?O,
中建,j
?O,
?O,
8?O,
30,m
日前,nt
整改,v
完成,v
,
Q3,ws
挡墙,n
施工,v
个别,a
拉钩,v
过长,n
",",wp
要求,v
总包,n
?O,
中建,j
?O,
?O,
9?O,
1?O,
?O,
整改,v
完成,v
,
Q3,ws
条形,n
基础,n
施工,v
钢筋,n
留置,v
?O,
符合,v
要求,n
",",wp
要求,v
总包,n
?O,
中建,j
?O,
?O,
8?O,
31?O,
?O,
整改,v
完成,v
,
Q3,ws
?I,
条形,n
基础,n
施工,v
连接,v
区域,n
?O,
进行,v
凿毛,v
",",wp
要求,v
总包,n
?O,
中建,j
?O,
?O,
9?O,
3?O,
?O,
整改,v
完成,v
,
T3,ws
筏板,n
基础,n
桩帽,n
?O,
?O,
?O,
充分,a
",",wp
要求,v
总包,n
?O,
中建,j
?O,
?O,
9?O,
3?O,
?O,
整改,v
完成,v
,
T3,ws
桩基,nh
浇筑,v
完成,v
?O,
破坏,v
严重,a
?O,
成品,n
保护,v
质量,n
?O,
?O,
",",wp
要求,v
总包,n
?O,
中建,j
?O,
?O,
9?O,
3?O,
?O,
整改,v
完成,v
,
T3,ws
筏板,n
基础,n
钢筋,n
保护?I,
不足,a
",",wp
要求,v
总包,n
?O,
中建,j
?O,
?O,
9?O,
3?O,
?O,
整改,v
完成,v
,
Q3,ws
?I,
现场,nl
柱帽,n
个别,a
箍筋,n
弯锚,v
长度,n
不足,a
",",wp
要求,v
总包,n
?O,
中建,j
?O,
?O,
9?O,
1?O,
?O,
整改,v
完成,v
,
2,m
#,wp
大门,n
入口?I,
套丝,v
加工?I,
?O,
直螺?B,
套筒,n
连接,v
加工,v
要求,v
?O,
加工?B,
?O,
通规,n
?O,
止规,n
?O,
要求,v
总包,n
?O,
中建,j
?O,
?O,
9?O,
7?O,
?O,
整改,v
完成,v
,
2,m
#,wp
大门,n
入口?I,
套丝,v
加工,v
区域,n
钢筋,n
套丝,a
有效,a
螺纹,n
?O,
?O,
满足,v
要求,n
?O,
要求,v
总包,n
?O,
中建,j
?O,
?O,
9?O,
7?O,
?O,
整改,v
完成,v
,
2,m
#,wp
大门,n
入口?I,
钢筋,n
?I,
螺纹,v
套筒,n
连接,v
加工,v
区域,n
钢筋,n
车丝,n
完成,v
?O,
丝头,n
?O,
进行,v
打磨,v
?O,
?B,
螺纹,v
套筒,n
连接,v
丝头,n
?O,
进行,v
防护,v
?O,
要求,v
总包,n
?O,
中建,j
?O,
?O,
9?O,
7?O,
?O,
整改,v
完成,v
,
Q3,ws
?I,
B4,m
?I,
柱帽,n
模板,n
存在,v
错缝,v
现象,n
?O,
要求,v
总包,n
?O,
中建,j
?O,
?O,
9?O,
7?O,
?O,
整改,v
完成,v
,
Q2,ws
?I,
独立,a
基础,n
混凝?I,
浇筑,v
完成,v
?O,
养护,v
?O,
及时,a
",",wp
要求,v
总包,n
?O,
中建,j
?O,
?O,
9?O,
6?O,
?O,
整改,v
完成,v
,
Q2,ws
柱底,n
混凝?B,
?O,
?O,
?O,
充分,a
",",wp
要求,v
总包,n
?O,
中建,j
?O,
?O,
9?O,
7?O,
?O,
整改,v
完成,v
,
Q3,ws
?I,
电梯?B,
位置,n
防水,v
卷材,n
?O,
进行,v
保护,v
",",wp
要求,v
总包,n
?O,
中建,j
?O,
?O,
9?O,
6?O,
?O,
整改,v
完成,v
,
Q3,ws
?I,
电梯?B,
?O,
集水?B,
?O,
预留,v
管道,n
堵塞,v
",",wp
要求,v
总包,n
?O,
中建,j
?O,
?O,
9?O,
8?O,
?O,
整改,v
完成,v
,
Q2,ws
?I,
独立,a
基础,n
钢筋,n
间距,n
不均匀,a
?O,
要求,v
总包,n
?O,
中建,j
?O,
?O,
9?O,
8?O,
?O,
整改,v
完成,v
,
T3,ws
承台?B,
?O,
剔凿,v
到位,v
?O,
要求,v
?O,
中建,j
?O,
?O,
9?O,
15?O,
?O,
整改,v
完成,v
,
T3,ws
承台?B,
钢筋?I,
主筋,n
长度,n
不足,a
?O,
要求,v
?O,
中建,j
?O,
?O,
9?O,
14?O,
?O,
整改,v
完成,v
,
T3,ws
承台,n
底板,n
钢筋,n
保护?I,
不足,a
?O,
要求,v
?O,
中建,j
?O,
?O,
9?O,
14?O,
?O,
整改,v
完成,v
,
T3,ws
柱内,nl
单肢,n
?I,
?O,
形成,v
135,m
°,q
弯锚,n
",",wp
要求,v
总包,n
?O,
中建,j
?O,
?O,
9?O,
14?O,
?O,
整改,v
完成,v
,
T3,ws
?B,
主筋,n
?O,
形成,v
错头,n
留置,v
,
要求,v
总包,n
?O,
中建,j
?O,
?O,
9?O,
14?O,
?O,
整改,v
完成,v
,
Q3,ws
?I,
电梯?B,
?O,
?O,
?O,
?O,
?O,
?O,
清理,v
要求,v
总包,n
?O,
中建,j
?O,
?O,
9?O,
15?O,
?O,
整改,v
完成,v
,
钢筋?B,
放置,v
?O,
淤泥,n
?O,
?O,
?O,
采取,v
保护,v
措施,n
要求,v
总包,n
?O,
中建,j
?O,
?O,
9?O,
15?O,
?O,
整改,v
完成,v
,
Q3,ws
?I,
支模?B,
搭设,v
顶部,nd
搭接,v
?O,
符合,v
相关,v
规范,n
要求,v
总包,n
?O,
中建,j
?O,
?O,
9?O,
15?O,
?O,
整改,v
完成,v
,
Q3,ws
?I,
主筋,n
未带,n
保护?B,
?O,
要求,v
?O,
中建,j
?O,
?O,
9?O,
23?O,
?O,
整改,v
完成,v
,
T3,ws
架空?B,
?B,
钢筋,n
保护?I,
厚度,n
不足,a
?O,
要求,v
?O,
中建,j
?O,
?O,
9?O,
23?O,
?O,
整改,v
完成,v
,
Q3,ws
区柱?B,
?O,
?O,
?O,
充分,a
?O,
要求,v
?O,
中建,j
?O,
?O,
9?O,
20?O,
?O,
整改,v
完成,v
,
Q3,ws
?I,
?B,
钢筋,n
绑扎,v
?O,
?O,
?O,
",",wp
要求,v
总包,n
?O,
中建,j
?O,
?O,
9?O,
20?O,
?O,
整改,v
完成,v
,
Q1,ws
?I,
止水,n
钢板,n
焊接,v
?O,
?O,
?O,
?O,
要求,v
总包,n
?O,
中建,j
?O,
?O,
9?O,
21?O,
?O,
整改,v
完成,v
,
Q1,ws
?I,
止水,v
钢板,n
搭接,v
方式,n
?O,
符合,v
要求,n
?O,
要求,v
总包,n
?O,
中建,j
?O,
?O,
9?O,
21?O,
?O,
整改,v
完成,v
,
Q1,ws
?I,
条基,n
插筋,n
?O,
?O,
混凝?B,
?I,
?O,
进行,v
清理,v
?O,
要求,v
总包,n
?O,
中建,j
?O,
?O,
9?O,
21?O,
?O,
整改,v
完成,v
,
Q3,ws
?I,
支模?B,
顶托,v
外露,v
过长,n
?O,
?O,
出现,v
倾斜,v
现象,n
?O,
要求,v
?O,
中建,j
?O,
?O,
9?O,
30,m
日前,nt
整改,v
完成,v
,
Q3,ws
?I,
支模?B,
水平?I,
对接,v
?O,
同一?O,
跨度,n
?O,
?O,
要求,v
?O,
中建,j
?O,
?O,
9?O,
30,m
日前,nt
整改,v
完成,v
,
Q3,ws
?I,
暗梁,n
钢筋,n
?O,
?O,
?O,
?O,
要求,v
?O,
中建,j
?O,
?O,
9?O,
30,m
日前,nt
整改,v
完成,v
,
Q3,ws
?I,
?B,
钢筋,n
?O,
?O,
?B,
?O,
进行,v
清理,v
",",wp
要求,v
总包,n
?O,
中建,j
?O,
?O,
9?O,
30,m
日前,nt
整改,v
完成,v
,
Q3,ws
?I,
挡土?B,
模板,n
存在,v
爆模,v
现象,n
?O,
要求,v
总包,n
?O,
中建,j
?O,
?O,
9?O,
30,m
日前,nt
整改,v
完成,v
,
阴雨,n
天气,n
钢筋,n
?O,
采取,v
防护,v
措施,n
?O,
要求,v
总包,n
?O,
中建,j
?O,
?O,
9?O,
27?O,
?O,
整改,v
完成,v
,
2,m
#,wp
钢筋,n
加工?I,
个别,a
钢筋,n
车丝,n
完成,v
?O,
丝口,n
?O,
采取,v
保护,v
措施,n
?O,
要求,v
总包,n
?O,
中建,j
?O,
?O,
9?O,
27?O,
?O,
整改,v
完成,v
,
Q2,ws
?I,
?B,
钢筋,n
安装,v
单子,n
?I,
弯钩,v
未弯,v
?O,
135,m
°,q
?O,
要求,v
总包,n
?O,
中建,j
?O,
?O,
9?O,
30,m
日前,nt
整改,v
完成,v
,
T3,ws
区域,n
三桩,n
平台,n
位置,n
架体,n
扫地?I,
?O,
?O,
?O,
要求,v
总包,n
?O,
中建,j
?O,
?O,
9?O,
28,m
日前,nt
整改,v
完成,v
,
T3,ws
区域,n
三桩,n
平台,n
位置,n
上下,nd
采用,v
顶托,v
进行,v
支撑,v
?O,
要求,v
总包,n
?O,
中建,j
?O,
?O,
9?O,
27?O,
?O,
整改,v
完成,v
,
T3,ws
区域,n
三桩,n
平台,n
位置,n
立杆,d
悬空,v
?O,
落地,v
?O,
要求,v
总包,n
?O,
中建,j
?O,
?O,
9?O,
27?O,
?O,
整改,v
完成,v
,
T3,ws
区域,n
?B,
模架,n
顶托,v
伸出,v
长度,n
过长,n
?O,
单钢?B,
?O,
要求,v
总包,n
?O,
中建,j
?O,
?O,
10?O,
13?O,
?O,
整改,v
完成,v
,
T3,ws
区域,n
梁拉?B,
?O,
绑扎,v
?O,
要求,v
总包,n
?O,
中建,j
?O,
?O,
10?O,
12?O,
?O,
整改,v
完成,v
,
Q3,ws
-,wp
7,m
?I,
B2,m
?I,
?B,
交接?I,
下部,nd
?O,
支撑,v
?O,
要求,v
总包,n
?O,
中建,j
?O,
?O,
10?O,
13?O,
?O,
整改,v
完成,v
,
Q3,ws
-,wp
7,m
?I,
B3,m
?I,
挡墙,n
上部,nd
?O,
使用,v
锁口?B,
?O,
要求,v
总包,n
?O,
中建,j
?O,
?O,
10?O,
13?O,
?O,
整改,v
完成,v
,
Q3,ws
-,wp
7,m
?I,
B3,m
?I,
挡墙,n
模板,n
存在,v
错缝,v
现象,n
?O,
要求,v
总包,n
?O,
中建,j
?O,
?O,
10?O,
13?O,
?O,
整改,v
完成,v
,
Q1,ws
?I,
挡土?B,
外侧,nd
拉筋,v
?O,
?O,
牢固,a
?O,
要求,v
总包,n
?O,
中建,j
?O,
?O,
10?O,
12?O,
?O,
整改,v
完成,v
,
Q1,ws
?I,
转角?B,
暗柱,n
箍筋,v
间距,n
不均匀,a
?O,
要求,v
总包,n
?O,
中建,j
?O,
?O,
10?O,
12?O,
?O,
整改,v
完成,v
,
Q3,ws
-,wp
6,m
?I,
B3,m
?I,
?B,
主筋,n
混凝?I,
?O,
清理,v
?O,
要求,v
总包,n
?O,
中建,j
?O,
?O,
10?O,
13?O,
?O,
整改,v
完成,v
,
T3,ws
?I,
B3,m
?I,
?B,
偏位,n
?O,
保护?B,
不均匀,a
?O,
要求,v
总包,n
?O,
中建,j
?O,
?O,
10?O,
12?O,
?O,
整改,v
完成,v
,
Q2,ws
区域,n
回填,v
粒径,n
?O,
?O,
?O,
要求,v
总包,n
?O,
中建,j
?O,
?O,
10?O,
18,m
日前,nt
整改,v
完成,v
,
Q2,ws
区域,n
模板,n
间隙,n
?O,
?O,
?O,
要求,v
总包,n
?O,
中建,j
?O,
?O,
10?O,
20?O,
?O,
整改,v
完成,v
,
Q2,ws
区域,n
板面,n
钢筋,n
?O,
设置,v
马凳,n
?O,
垫块,n
?O,
要求,v
总包,n
?O,
中建,j
?O,
?O,
10?O,
18,m
日前,nt
整改,v
完成,v
,
Q3,ws
?I,
模板,n
间隙,n
?O,
?O,
?O,
要求,v
总包,n
?O,
中建,j
?O,
?O,
10?O,
20?O,
?O,
整改,v
完成,v
,
Q3,ws
?I,
支模?B,
扫地?I,
?O,
连?O,
?O,
要求,v
总包,n
?O,
中建,j
?O,
?O,
10?O,
18,m
日前,nt
整改,v
完成,v
,
Q1,ws
?I,
暗梁,n
钢筋,n
保护?I,
?O,
?O,
?O,
要求,v
总包,n
?O,
中建,j
?O,
?O,
10?O,
20?O,
?O,
整改,v
完成,v
,
Q1,ws
?I,
模板,n
支撑,v
系统,n
悬空?I,
?O,
要求,v
总包,n
?O,
中建,j
?O,
?O,
10?O,
18,m
日前,nt
整改,v
完成,v
,
T3,ws
?I,
?B,
钢筋,n
?O,
设置,v
垫块,n
?O,
要求,v
总包,n
?O,
中建,j
?O,
?O,
10?O,
18,m
日前,nt
整改,v
完成,v
,
T3,ws
?I,
板面,n
模板,n
拼缝,v
?O,
?O,
?O,
要求,v
总包,n
?O,
中建,j
?O,
?O,
10?O,
20?O,
?O,
整改,v
完成,v
,
Q1,ws
人防,n
预留,v
门洞,n
钢筋,n
加强,v
?O,
要求,v
总包,n
?O,
中建,j
?O,
?O,
10?O,
20?O,
?O,
整改,v
完成,v
,
Q1,ws
?I,
钢筋,n
加工?I,
钢筋,n
原材,n
直接,a
堆放,v
?O,
裸土,n
?O,
?O,
要求,v
总包,n
?O,
中建,j
?O,
?O,
10?O,
28,m
日前,nt
整改,v
完成,v
,
Q3,ws
?I,
后浇?B,
区域,n
架体,n
搭设,v
?O,
满足,v
要求,n
?O,
要求,v
总包,n
?O,
中建,j
?O,
?O,
10?O,
28,m
日前,nt
整改,v
完成,v
,
Q3,ws
?I,
3,m
#,wp
塔吊,n
部位,n
结构,n
边缘,n
杂物,n
?O,
进行,v
清理,v
?O,
?O,
采用,v
立杆,n
进行,v
回顶,v
?O,
要求,v
总包,n
?O,
中建,j
?O,
?O,
10?O,
28,m
日前,nt
整改,v
完成,v
,
Q3,ws
?I,
北侧,nd
挡墙,n
同一?O,
部位,n
?O,
2,m
?O,
1m,m
?O,
?O,
要求,v
总包,n
?O,
中建,j
?O,
?O,
10?O,
28,m
日前,nt
整改,v
完成,v
,
Q3,ws
?I,
B4,ws
?I,
楼层,n
?I,
照明,n
不足,a
?O,
要求,v
总包,n
?O,
中建,j
?O,
?O,
10?O,
28,m
日前,nt
整改,v
完成,v
,
Q2,ws
?I,
材料,n
堆码,n
混乱,a
?O,
要求,v
总包,n
?O,
中建,j
?O,
?O,
10?O,
28,m
日前,nt
整改,v
完成,v
,
Q3,m
-,wp
3,m
?I,
B4,m
?I,
顶托,v
外露,v
过长,n
?O,
要求,v
总包,n
?O,
中建,j
?O,
?O,
10?O,
28,m
日前,nt
整改,v
完成,v
,
Q3,ws
-,wp
5,m
?I,
6,m
?I,
B1,m
?I,
支模?B,
立杆,d
搭接,v
?O,
同一?O,
区域,n
?O,
要求,v
总包,n
?O,
中建,j
?O,
?O,
10?O,
28,m
日前,nt
整改,v
完成,v
,
T2,ws
-,wp
1,m
?I,
?B,
钢筋,n
?I,
螺纹,n
?O,
?O,
?O,
保护?B,
?O,
要求,v
总包,n
?O,
中建,j
?O,
?O,
11?O,
5?O,
?O,
整改,v
完成,v
,
Q2,m
-,wp
6,m
B,ws
1,m
?I,
?B,
钢筋,n
箍筋,v
间距,n
不均匀,a
?O,
要求,v
总包,n
?O,
?O,
?O,
?O,
?O,
11,m
?O,
5,m
?O,
?O,
整改,v
完成,v
,
Q2,m
-,wp
6,m
B,ws
1,m
?I,
柱底?B,
?O,
?O,
?O,
到位,v
?O,
要求,v
总包,n
?O,
?O,
?O,
?O,
?O,
11,m
?O,
5,m
?O,
?O,
整改,v
完成,v
,
Q3,m
-,wp
3,m
立杆,q
悬空,v
?O,
落地,v
?O,
要求,v
总包,n
?O,
?O,
?O,
?O,
?O,
11,m
?O,
5,m
?O,
?O,
整改,v
完成,v
,
Q3,ws
-,wp
5,m
板面,n
立杆,n
置于,v
后浇?B,
?O,
?O,
要求,v
总包,n
?O,
?O,
?O,
?O,
?O,
11,m
?O,
5,m
?O,
?O,
整改,v
完成,v
,
Q3,ws
-,wp
7,m
梁底?B,
?O,
设置,v
垫块,v
?O,
?O,
?O,
?O,
?O,
?O,
11,m
?O,
5,m
?O,
?O,
整改,v
完成,v
,
Q3,ws
-,wp
7,m
梁底?B,
边模,n
拼缝,v
?O,
?O,
?O,
?O,
?O,
?O,
?O,
11,m
?O,
6,m
?O,
?O,
整改,v
完成,v
,
T3,ws
梁箍?B,
倾斜,v
严重,a
",",wp
?O,
中建,j
?O,
?O,
11?O,
4?O,
?O,
整改,v
完成,v
,
Q2,ws
?I,
消防,b
水池,n
?I,
使用,v
內撑?B,
?O,
要求,v
总包,n
?O,
中建,j
?O,
?O,
11?O,
10?O,
?O,
整改,v
完成,v
,
Q2,ws
?I,
?B,
?I,
垃圾,n
?O,
要求,v
总包,n
?O,
中建,j
?O,
?O,
11?O,
10?O,
?O,
整改,v
完成,v
,
Q2,ws
?I,
?B,
底部,nd
对拉,v
螺杆,n
?O,
设置,v
双螺?B,
",",wp
要求,v
总包,n
?O,
中建,j
?O,
?O,
11?O,
10?O,
?O,
整改,v
完成,v
,
T3,ws
?I,
北侧,nd
车道?B,
底部,nd
?O,
?O,
?O,
剔凿,v
到位,v
?O,
要求,v
总包,n
?O,
中建,j
?O,
?O,
11?O,
10?O,
?O,
整改,v
完成,v
,
T3,ws
?I,
南侧,nd
?B,
底部,nd
模板,n
拼缝,v
?O,
?O,
",",wp
要求,v
总包,n
?O,
中建,j
?O,
?O,
11?O,
10?O,
?O,
整改,v
完成,v
,
Q3,ws
?I,
支模?B,
扫地?I,
?O,
联?O,
",",wp
要求,v
总包,n
?O,
中建,j
?O,
?O,
11?O,
9?O,
?O,
整改,v
完成,v
,
Q3,ws
?I,
?B,
箍筋,n
肢数,n
?O,
设置,v
到位,v
?O,
要求,v
总包,n
?O,
中建,j
?O,
?O,
11?O,
9?O,
?O,
整改,v
完成,v
,
Q3,ws
?I,
梁截?B,
尺寸,n
不足,a
?O,
要求,v
总包,n
?O,
中建,j
?O,
?O,
11?O,
9?O,
?O,
整改,v
完成,v
,
T3,ws
-,wp
1,m
?I,
B3,m
?I,
?B,
保护?I,
?O,
?O,
?O,
要求,v
总包,n
?O,
中建,j
?O,
?O,
11?O,
21?O,
?O,
整改,v
完成,v
,
T3,ws
?I,
B1,ws
?I,
立杆,n
悬空,v
?O,
落地,v
?O,
要求,v
总包,n
?O,
中建,j
?O,
?O,
11?O,
21?O,
?O,
整改,v
完成,v
,
Q1,m
-,wp
3,m
?I,
?O,
B4,ws
-,wp
B3,m
?I,
楼梯,n
通道,n
架体,n
?O,
?O,
?O,
扫地?B,
?O,
要求,v
总包,n
?O,
中建,j
?O,
?O,
11?O,
21?O,
?O,
整改,v
完成,v
,
Q1,m
-,wp
2,m
?I,
B2,m
?I,
挡墙,n
吊模,n
线条,n
?O,
平直,a
?O,
要求,v
总包,n
?O,
中建,j
?O,
?O,
11?O,
21?O,
?O,
整改,v
完成,v
,
Q2,ws
-,wp
4,m
?I,
B2,ws
?I,
柱帽,n
存在,v
错缝,v
现象,n
?O,
要求,v
总包,n
?O,
中建,j
?O,
?O,
11?O,
21?O,
?O,
整改,v
完成,v
,
Q2,ws
?I,
制作,v
成型,v
?O,
钢筋,n
直接,a
堆放,v
?O,
泥泞,n
?O,
?O,
要求,v
总包,n
?O,
中建,j
?O,
?O,
11?O,
21?O,
?O,
整改,v
完成,v
,
Q2,ws
?I,
制作,v
成型,v
?O,
钢筋,n
直接,a
堆放,v
?O,
泥泞,n
?O,
?O,
要求,v
总包,n
?O,
中建,j
?O,
?O,
11?O,
21?O,
?O,
整改,v
完成,v
,
Q3,m
-,wp
3,m
?I,
B3,m
?I,
梁底,nh
钢筋,n
保护?I,
?O,
?O,
?O,
要求,v
总包,n
?O,
中建,j
?O,
?O,
11?O,
21?O,
?O,
整改,v
完成,v
,
Q1,m
-,wp
3,m
?I,
B3,m
?I,
模板,n
拼缝,v
?O,
?O,
?O,
要求,v
总包,n
?O,
中建,j
?O,
?O,
11?O,
26?O,
?O,
整改,v
完成,v
,
Q1,m
-,wp
3,m
?I,
B3,m
?I,
剪力?B,
?O,
套管,n
周边,n
钢筋,n
?O,
加强,v
?O,
要求,v
总包,n
?O,
中建,j
?O,
?O,
11?O,
26?O,
?O,
整改,v
完成,v
,
Q1,m
-,wp
3,m
?I,
B3,m
?I,
剪力?B,
钢筋,n
偏位,n
严重,a
?O,
要求,v
总包,n
?O,
中建,j
?O,
?O,
11?O,
26?O,
?O,
整改,v
完成,v
,
Q2,m
-,wp
2,m
?I,
B2,m
?I,
楼梯,n
?I,
?O,
采用,v
立杆,n
支撑,v
?O,
要求,v
总包,n
?O,
中建,j
?O,
?O,
11?O,
26?O,
?O,
整改,v
完成,v
,
Q2,m
-,wp
2,m
?I,
高支?B,
区域,n
?O,
悬挂,v
防护,v
兜网,n
?O,
要求,v
总包,n
?O,
中建,j
?O,
?O,
11?O,
26?O,
?O,
整改,v
完成,v
,
Q2,ws
-,wp
1,m
?I,
B2,ws
?I,
车道,n
位置,n
?B,
模架,n
区域,n
剪刀?B,
不足,a
?O,
要求,v
总包,n
?O,
中建,j
?O,
?O,
11?O,
26?O,
?O,
整改,v
完成,v
,
Q3,ws
?I,
钢筋,n
放置,v
?O,
泥土,n
里面,nd
?O,
要求,v
总包,n
?O,
中建,j
?O,
?O,
11?O,
26?O,
?O,
整改,v
完成,v
,
Q3,ws
-,wp
7,m
?I,
L1,m
?I,
?O,
高低,n
标号,n
串号,n
?O,
钢丝?B,
?O,
绑扎,v
?O,
要求,v
总包,n
?O,
中建,j
?O,
?O,
11?O,
26?O,
?O,
整改,v
完成,v
,
T2,ws
?I,
西侧,nd
三桩,nz
承台?I,
主筋,n
?O,
破坏,v
?O,
要求,v
总包,n
?O,
中建,j
?O,
?O,
11?O,
26?O,
?O,
整改,v
完成,v
,
T3,ws
?I,
B1,ws
?I,
柱子,n
底部,nd
存在,v
扣件,n
?O,
清理,v
?O,
要求,v
总包,n
?O,
中建,j
?O,
?O,
11?O,
24?O,
?O,
整改,v
完成,v
,
T2,ws
北侧,nd
三桩,n
平台,n
柱底,nd
?O,
?O,
?O,
充分,a
?O,
要求,v
总包,n
?O,
中建,j
?O,
?O,
11?O,
26?O,
?O,
整改,v
完成,v
,
Q1,m
-,wp
3,m
?I,
B3,m
?I,
主次,n
?I,
箍筋,v
加强,v
少箍,i
?O,
要求,v
总包,n
?O,
中建,j
?O,
?O,
12?O,
4?O,
?O,
整改,v
完成,v
,
Q1,ws
-,wp
1,m
?I,
基础,n
挡墙,n
止水,v
钢板,n
浇筑,v
?O,
?O,
?O,
要求,v
总包,n
?O,
中建,j
?O,
?O,
12?O,
4?O,
?O,
整改,v
完成,v
,
Q2,m
-,wp
3,m
?I,
基础,n
桩头,n
?O,
?O,
不足,v
?O,
要求,v
总包,n
?O,
中建,j
?O,
?O,
12?O,
4?O,
?O,
整改,v
完成,v
,
Q3,ws
-,wp
7,m
?I,
L1,m
?I,
吊模,n
使用,v
木方,n
支撑,v
?O,
要求,v
总包,n
?O,
中建,j
?O,
?O,
12?O,
4?O,
?O,
整改,v
完成,v
,
Q2,ws
-,wp
5,m
?I,
B4,m
?I,
钢筋,n
绑扎,v
?O,
规范,a
?O,
要求,v
总包,n
?O,
中建,j
?O,
?O,
12?O,
4?O,
?O,
整改,v
完成,v
,
Q3,ws
-,wp
7,m
?I,
L1,m
?I,
穿墙,n
套管,n
钢筋,n
?O,
加强,v
?O,
要求,v
总包,n
?O,
中建,j
?O,
?O,
12?O,
4?O,
?O,
整改,v
完成,v
,
Q3,ws
?I,
B1,ws
?I,
挡墙,n
加固,v
?O,
设置,v
斜撑,v
?O,
要求,v
总包,n
?O,
中建,j
?O,
?O,
12?O,
4?O,
?O,
整改,v
完成,v
,
T3,ws
-,wp
1,m
?I,
B3,m
?I,
电渣,n
压力,n
?O,
钢筋,n
错位,v
?O,
要求,v
总包,n
?O,
中建,j
?O,
?O,
12?O,
4?O,
?O,
整改,v
完成,v
,
T3,ws
?I,
钢筋,n
保护?I,
垫块,v
?O,
?O,
?O,
要求,v
总包,n
?O,
中建,j
?O,
?O,
12?O,
4?O,
?O,
整改,v
完成,v
,
Q1,ws
-,wp
3B3,m
层区,n
止水,v
钢板,n
?O,
居中,v
?O,
要求,v
总包,n
?O,
中建,j
?O,
?O,
12?O,
11?O,
?O,
整改,v
完成,v
,
Q1,m
-,wp
7,m
?I,
?B,
底部,nd
?O,
清理,v
?O,
要求,v
总包,n
?O,
中建,j
?O,
?O,
12?O,
11?O,
?O,
整改,v
完成,v
,
Q2,m
-,wp
3,m
?I,
?B,
底部,nd
露筋,v
?O,
要求,v
总包,n
?O,
中建,j
?O,
?O,
12?O,
11?O,
?O,
整改,v
完成,v
,
Q3,ws
-,wp
1B3,m
?I,
?B,
?I,
保护?I,
不足,a
?O,
要求,v
总包,n
?O,
中建,j
?O,
?O,
12?O,
11?O,
?O,
整改,v
完成,v
,
Q3,ws
-,wp
1,m
?I,
B3,m
?I,
?B,
底部,nd
主筋,n
偏位,n
?O,
调整,v
?O,
要求,v
总包,n
?O,
中建,j
?O,
?O,
12?O,
11?O,
?O,
整改,v
完成,v
,
Q3,m
-,wp
3,m
?I,
B3,m
?I,
支模?B,
底部,nd
对拉,v
螺杆,n
?O,
使用,v
?B,
蝴蝶,n
卡扣,n
?O,
要求,v
总包,n
?O,
中建,j
?O,
?O,
12?O,
11?O,
?O,
整改,v
完成,v
,
T2,ws
-,wp
1,m
?I,
?B,
?I,
连接?I,
?O,
?O,
?O,
?O,
要求,v
总包,n
?O,
中建,j
?O,
?O,
12?O,
11?O,
?O,
整改,v
完成,v
,
T2,ws
架空?I,
立杆,n
顶部,nd
使用,v
扣件,n
?O,
要求,v
总包,n
?O,
中建,j
?O,
?O,
12?O,
11?O,
?O,
整改,v
完成,v
,
Q1,ws
-,wp
7B3,m
层区,n
止水,v
钢板,n
浇筑,v
高度,d
?O,
进行,v
控制,v
?O,
要求,v
总包,n
?O,
中建,j
?O,
?O,
12?O,
18,m
日前,nt
整改,v
完成,v
,
Q2,ws
-,wp
1,m
?I,
B2,ws
?I,
止水,v
钢筋,n
?O,
四面,nd
满焊,v
?O,
要求,v
总包,n
?O,
中建,j
?O,
?O,
12?O,
18,m
日前,nt
整改,v
完成,v
,
Q2,ws
-,wp
5,m
?I,
B3,m
?I,
立杆,n
悬空,v
?O,
要求,v
总包,n
?O,
中建,j
?O,
?O,
12?O,
18,m
日前,nt
整改,v
完成,v
,
Q2,ws
-,wp
1,m
?I,
B2,ws
?I,
?B,
?I,
箍筋,n
肢数,n
不足,a
?O,
要求,v
总包,n
?O,
中建,j
?O,
?O,
12?O,
18,m
日前,nt
整改,v
完成,v
,
Q3,m
-,wp
3,m
?I,
B1,m
?I,
梁底,nh
?O,
?O,
?O,
清理,v
?O,
要求,v
总包,n
?O,
中建,j
?O,
?O,
12?O,
18,m
日前,nt
整改,v
完成,v
,
Q3,m
-,wp
3,m
?I,
B1,m
?I,
?B,
倾斜,v
严重,a
?O,
要求,v
总包,n
?O,
中建,j
?O,
?O,
12?O,
18,m
日前,nt
整改,v
完成,v
,
T2,ws
?I,
立杆,n
底部,nd
悬空,v
?O,
要求,v
总包,n
?O,
中建,j
?O,
?O,
12?O,
18,m
日前,nt
整改,v
完成,v
,
T3,ws
?I,
B3,m
?I,
立杆,n
回顶,v
扫地?I,
?O,
拆除,v
?O,
要求,v
总包,n
?O,
中建,j
?O,
?O,
12?O,
18,m
日前,nt
整改,v
完成,v
,
T,ws
?I,
钢筋?B,
机械,n
连接,v
丝牙,n
?O,
佩戴,v
保护?B,
?O,
要求,v
总包,n
?O,
中建,j
?O,
?O,
12?O,
23?O,
?O,
整改,v
完成,v
,
T2,ws
?I,
B3,m
?I,
模板,n
孔洞,n
?O,
?O,
?O,
要求,v
总包,n
?O,
中建,j
?O,
?O,
12?O,
24?O,
?O,
整改,v
完成,v
,
T2,ws
?I,
B3,m
?I,
穿梁,n
套管,n
?O,
?O,
设计,v
要求,n
进行,v
加强,v
?O,
要求,v
总包,n
?O,
中建,j
?O,
?O,
12?O,
25?O,
?O,
整改,v
完成,v
,
Q2,ws
-,wp
5,m
?I,
B2,ws
?I,
梁底,nh
存在,v
杂物,n
?O,
要求,v
总包,n
?O,
中建,j
?O,
?O,
12?O,
21?O,
?O,
整改,v
完成,v
,
Q2,ws
-,wp
4,m
?I,
B2,ws
?I,
施工,v
?I,
位置,n
回顶,v
?O,
符合,v
要求,n
?O,
要求,v
总包,n
?O,
中建,j
?O,
?O,
12?O,
25?O,
?O,
整改,v
完成,v
,
Q3,ws
-,wp
1,m
?I,
B2,ws
?I,
模板,n
拼缝,v
?O,
?O,
?O,
要求,v
总包,n
?O,
中建,j
?O,
?O,
12?O,
22?O,
?O,
整改,v
完成,v
,
Q3,ws
-,wp
1,m
?I,
B2,ws
?I,
柱帽,n
附加,v
钢筋,n
锚固,j
长度,n
不足,a
?O,
要求,v
总包,n
?O,
中建,j
?O,
?O,
12?O,
22?O,
?O,
整改,v
完成,v
,
Q1,m
-,wp
7,m
?I,
B3,m
?I,
?B,
箍筋,v
偏位,n
严重,a
?O,
绑扎,v
?O,
牢固,a
?O,
要求,v
总包,n
?O,
中建,j
?O,
?O,
12?O,
23?O,
?O,
整改,v
完成,v
,
Q1,m
-,wp
3,m
?I,
B3,m
?I,
挡墙,n
上口,a
模板,n
?O,
封口?B,
?O,
要求,v
总包,n
?O,
中建,j
?O,
?O,
12?O,
23?O,
?O,
整改,v
完成,v
,
Q3,ws
-,wp
5,m
?I,
L1,m
?I,
后浇?B,
?O,
杂物,n
?O,
及时,a
清理,v
?O,
要求,v
总包,n
?O,
中建,j
?O,
?O,
12?O,
23?O,
?O,
整改,v
完成,v
,
Q3,ws
-,wp
1,m
?I,
B2,ws
?I,
卸料,n
平台,n
留设,v
?O,
满足,v
方案,n
要求,n
?O,
要求,v
总包,n
?O,
中建,j
?O,
?O,
12?O,
23?O,
?O,
整改,v
完成,v
,
Q1,m
-,wp
7,m
?I,
B3,m
?I,
?B,
柱帽,n
拼缝,v
?O,
?O,
?O,
要求,v
总包,n
?O,
中建,j
?O,
?O,
12?O,
29?O,
?O,
整改,v
完成,v
,
Q1,ws
-,wp
4,m
?I,
B3,m
?I,
柱底,n
杂物,n
?O,
清理,v
干净,a
?O,
要求,v
总包,n
?O,
中建,j
?O,
?O,
12?O,
29?O,
?O,
整改,v
完成,v
,
Q1,ws
-,wp
4,m
?I,
B3,m
?I,
?B,
模板,n
错台,n
?O,
要求,v
总包,n
?O,
中建,j
?O,
?O,
12?O,
29?O,
?O,
整改,v
完成,v
,
Q2,m
-,wp
3,m
?I,
B3,m
?I,
?B,
钢筋,n
机械,n
连接,v
外露,v
丝牙,n
?O,
?O,
?O,
要求,v
总包,n
?O,
中建,j
?O,
?O,
12?O,
30,m
日前,nt
整改,v
完成,v
,
Q2,m
-,wp
3,m
?I,
B3,m
?I,
?B,
钢筋,n
箍筋,n
?O,
满足,v
要求,n
?O,
要求,v
总包,n
?O,
中建,j
?O,
?O,
12?O,
31?O,
?O,
整改,v
完成,v
,
Q2,m
-,wp
3,m
?I,
B3,m
?I,
梁底,n
钢筋,n
?O,
绑扎,v
?O,
要求,v
总包,n
?O,
中建,j
?O,
?O,
12?O,
31?O,
?O,
整改,v
完成,v
,
Q3,m
-,wp
2,m
?I,
B2,m
?I,
柱帽,n
钢筋,n
锚固,j
长度,n
不足,a
?O,
要求,v
总包,n
?O,
中建,j
?O,
?O,
12?O,
31?O,
?O,
整改,v
完成,v
,
Q3,ws
?I,
钢筋,n
加工?I,
机械,n
连接,v
接头,n
?O,
佩戴,v
保护?B,
?O,
要求,v
总包,n
?O,
中建,j
?O,
?O,
12?O,
28,m
日前,nt
整改,v
完成,v
,
Q3,ws
?I,
?B,
养护,v
记录?I,
?O,
及时,a
进行,v
更新,v
?O,
要求,v
总包,n
?O,
中建,j
?O,
?O,
12?O,
29?O,
?O,
整改,v
完成,v
,
T2,ws
?I,
B3,m
?I,
立杆,n
悬空,v
?O,
落地,v
?O,
要求,v
总包,n
?O,
中建,j
?O,
?O,
12?O,
29?O,
?O,
整改,v
完成,v
,
T3,ws
?I,
L2,m
?I,
?B,
钢筋,n
?O,
进行,v
弯锚,v
?O,
要求,v
总包,n
?O,
中建,j
?O,
?O,
12?O,
29?O,
?O,
整改,v
完成,v
,
Q1,m
-,wp
3,m
B,ws
3,m
?I,
外挡,n
?I,
止水钢板,n
?O,
进行,v
四面,nd
?O,
?O,
?O,
要求,v
总包,n
?O,
?O,
?O,
?O,
?O,
1,m
?O,
8,m
?O,
?O,
整改,v
完成,v
,
Q1,m
-,wp
7,m
B,ws
3,m
?I,
顶托,n
伸出,v
?O,
?O,
?O,
要求,v
总包,n
?O,
?O,
?O,
?O,
?O,
1,m
?O,
6,m
?O,
?O,
整改,v
完成,v
,
Q2,ws
-,wp
3B2,m
?I,
?B,
主筋,n
?I,
螺纹,n
?O,
佩戴,v
保护?B,
?O,
要求,v
总包,n
?O,
中建,j
?O,
?O,
1?O,
5?O,
?O,
整改,v
完成,v
,
Q3,m
-,wp
3,m
B,ws
2,m
?I,
?B,
主筋,n
?O,
?O,
?O,
?O,
要求,v
总包,n
?O,
?O,
?O,
?O,
?O,
1,m
?O,
5,m
?O,
?O,
整改,v
完成,v
,
Q3,m
-,wp
3,m
B,ws
2,m
?I,
梁钢?B,
?I,
螺纹,v
连接,v
外露,v
丝牙,n
?O,
?O,
?O,
要求,v
总包,n
?O,
?O,
?O,
?O,
?O,
1,m
?O,
5,m
?O,
?O,
整改,v
完成,v
,
Q3,m
-,wp
3,m
B,ws
2,m
?I,
?B,
钢筋,n
?O,
单肢,n
?I,
?O,
要求,v
总包,n
?O,
?O,
?O,
?O,
?O,
1,m
?O,
5,m
?O,
?O,
整改,v
完成,v
,
Q3,ws
-,wp
4,m
接桩,v
?O,
?O,
?O,
?O,
?O,
到位,v
?O,
要求,v
总包,n
?O,
中建,j
?O,
?O,
1?O,
5?O,
?O,
整改,v
完成,v
,
T3,ws
?I,
L2,m
?I,
支模?B,
扫地?I,
?O,
?O,
?O,
要求,v
总包,n
?O,
中建,j
?O,
?O,
1?O,
6?O,
?O,
整改,v
完成,v
,
T3,ws
?I,
L1,m
?I,
?B,
底部,nd
?O,
浇筑,v
密实,a
?O,
要求,v
总包,n
?O,
中建,j
?O,
?O,
1?O,
5?O,
?O,
整改,v
完成,v
,
Q1,m
-,wp
3,m
?I,
B1,m
?I,
墙柱,n
?O,
?O,
?O,
?O,
要求,v
总包,n
?O,
中建,j
?O,
?O,
1?O,
10?O,
?O,
整改,v
完成,v
,
Q1,ws
-,wp
5,m
?I,
B3,ws
层内,nl
?B,
立杆,n
悬空,v
?O,
要求,v
总包,n
?O,
中建,j
?O,
?O,
1?O,
10?O,
?O,
整改,v
完成,v
,
Q2,m
-,wp
3,m
?I,
B2,m
?I,
梁主?B,
?I,
螺纹,v
外露,v
丝牙,n
?O,
?O,
?O,
要求,v
总包,n
?O,
中建,j
?O,
?O,
1?O,
11?O,
?O,
整改,v
完成,v
,
Q2,ws
-,wp
1,m
?I,
L1,m
?I,
梁柱,n
?I,
?O,
箍筋,v
?O,
要求,v
总包,n
?O,
中建,j
?O,
?O,
1?O,
11?O,
?O,
整改,v
完成,v
,
Q2,ws
-,wp
1,m
?I,
L1,m
?I,
?B,
钢筋,n
主次,n
?I,
交接?I,
箍筋,v
加密,v
肢数,n
不足,a
?O,
要求,v
总包,n
?O,
中建,j
?O,
?O,
1?O,
11?O,
?O,
整改,v
完成,v
,
Q3,m
-,wp
2,m
B,ws
2,m
?I,
?B,
模板,n
拼缝,v
?O,
?O,
?O,
要求,v
总包,n
?O,
?O,
?O,
?O,
?O,
1,m
?O,
11,m
?O,
?O,
整改,v
完成,v
,
Q3,m
-,wp
2,m
?I,
B,ws
2,m
?I,
柱帽,n
附加,v
?I,
锚固,j
长度,n
?O,
?O,
?O,
要求,v
总包,n
?O,
?O,
?O,
?O,
?O,
1,m
?O,
11,m
?O,
?O,
整改,v
完成,v
,
Q3,m
-,wp
2,m
?I,
B2,m
?I,
直螺?B,
连接,v
?O,
错头,v
?O,
要求,v
总包,n
?O,
中建,j
?O,
?O,
1?O,
11?O,
?O,
整改,v
完成,v
,
T2,ws
-,wp
1,m
?I,
L1,m
?I,
?B,
底部,nd
主筋,n
?O,
绑扎,v
?O,
垫块,v
缺失,n
?O,
要求,v
总包,n
?O,
中建,j
?O,
?O,
1?O,
11?O,
?O,
整改,v
完成,v
,
T3,ws
?I,
L2,m
?I,
梁底,nh
支模?B,
立杆,n
顶部,nd
?O,
使用,v
顶托,v
?O,
要求,v
总包,n
?O,
中建,j
?O,
?O,
1?O,
11?O,
?O,
整改,v
完成,v
,
T2,ws
-,wp
1,m
?I,
B1,ws
?I,
?B,
?I,
?O,
进行,v
凿毛,v
?O,
要求,v
总包,n
?O,
中建,j
?O,
?O,
1?O,
21?O,
?O,
整改,v
完成,v
,
T2,ws
-,wp
1,m
?I,
B1,ws
?I,
结构,n
?I,
加密?I,
支数,n
?O,
满足,v
要求,n
?O,
要求,v
总包,n
?O,
中建,j
?O,
?O,
1?O,
21?O,
?O,
整改,v
完成,v
,
T3,ws
?I,
L3,m
?I,
?B,
?I,
存在,v
杂物,n
?O,
要求,v
总包,n
?O,
中建,j
?O,
?O,
1?O,
20?O,
?O,
整改,v
完成,v
,
T2,ws
-,wp
1,m
?I,
B1,m
?I,
?B,
?O,
设置,v
封口?B,
模板,n
?O,
平直,a
?O,
要求,v
总包,n
?O,
中建,j
?O,
?O,
1?O,
22?O,
?O,
整改,v
完成,v
,
Q1,ws
-,wp
4,m
?I,
B2,ws
?I,
结构?B,
模板,n
拼缝,v
?O,
?O,
?O,
要求,v
总包,n
?O,
中建,j
?O,
?O,
1?O,
20?O,
?O,
整改,v
完成,v
,
Q1,m
-,wp
2,m
?I,
L1,m
?I,
钢筋,n
?O,
进行,v
防锈,v
处理,v
?O,
要求,v
总包,n
?O,
中建,j
?O,
?O,
1?O,
22?O,
?O,
整改,v
完成,v
,
Q1,m
-,wp
3,m
?I,
B1,m
?I,
柱底,n
背楞,v
?O,
使用,v
?B,
蝴蝶,n
卡扣,n
?O,
要求,v
总包,n
?O,
中建,j
?O,
?O,
1?O,
20?O,
?O,
整改,v
完成,v
,
Q2,ws
-,wp
5,m
?I,
B1,ws
?I,
结构,n
穿梁,n
套管,n
?O,
加强,v
?O,
要求,v
总包,n
?O,
中建,j
?O,
?O,
1?O,
20?O,
?O,
整改,v
完成,v
,
Q2,ws
-,wp
1,m
?I,
L1,m
?I,
板面,n
垃圾,n
?O,
?O,
?O,
要求,v
总包,n
?O,
中建,j
?O,
?O,
1?O,
18,m
日前,nt
整改,v
完成,v
,
Q2,ws
-,wp
5,m
?I,
B1,ws
?I,
结构,n
梁底?I,
?O,
绑扎,v
?O,
要求,v
总包,n
?O,
中建,j
?O,
?O,
1?O,
20?O,
?O,
整改,v
完成,v
,
Q2,ws
?I,
钢筋?B,
机械,n
连接,v
接头,n
?O,
佩戴,v
保护?B,
?O,
要求,v
总包,n
?O,
中建,j
?O,
?O,
1?O,
23?O,
?O,
整改,v
完成,v
,
Q3,m
-,wp
3,m
?I,
B1,m
?I,
柱子,n
单肢,n
?I,
?O,
?O,
设计,v
要求,n
加设,v
?O,
要求,v
总包,n
?O,
中建,j
?O,
?O,
1?O,
19?O,
?O,
整改,v
完成,v
,
Q3,m
-,wp
3,m
?I,
B1,m
?I,
柱子,n
钢筋,n
?O,
?O,
?O,
?O,
要求,v
总包,n
?O,
中建,j
?O,
?O,
1?O,
19?O,
?O,
整改,v
完成,v
,
Q3,ws
?I,
钢筋?B,
机械,n
连接,v
接头,n
?O,
打磨,v
平整,v
?O,
要求,v
总包,n
?O,
中建,j
?O,
?O,
1?O,
22?O,
?O,
整改,v
完成,v
,
Q3,m
-,wp
2,m
?I,
B2,m
?I,
模板,n
拼缝,v
?O,
?O,
?O,
要求,v
总包,n
?O,
中建,j
?O,
?O,
1?O,
20?O,
?O,
整改,v
完成,v
,
Q1,ws
-,wp
6,m
?I,
B2,ws
?I,
止水,n
钢板,n
?O,
?O,
?O,
?O,
要求,v
总包,n
?O,
中建,j
?O,
?O,
1?O,
24?O,
?O,
整改,v
完成,v
,
Q1,m
-,wp
7,m
?I,
B1,m
?I,
板面,n
脚印,n
?O,
?O,
?O,
要求,v
总包,n
?O,
中建,j
?O,
?O,
1?O,
27?O,
?O,
整改,v
完成,v
,
Q3,m
-,wp
2,m
?I,
B1,m
?I,
?B,
?I,
露筋,v
?O,
要求,v
总包,n
?O,
中建,j
?O,
?O,
1?O,
27?O,
?O,
整改,v
完成,v
,
T2,ws
?I,
B1,ws
?I,
墙柱,n
钢筋,n
外露,v
丝扣,n
过多,d
?O,
要求,v
总包,n
?O,
中建,j
?O,
?O,
1?O,
25?O,
?O,
整改,v
完成,v
,
Q3,ws
-,wp
4,m
?I,
L1,m
?I,
板面,n
垫块,n
数量,n
不足,a
?O,
要求,v
总包,n
?O,
中建,j
?O,
?O,
1?O,
25?O,
?O,
整改,v
完成,v
,
Q1,m
-,wp
2,m
?I,
B1,m
?I,
楼梯,n
掉角,i
?O,
要求,v
总包,n
?O,
中建,j
?O,
?O,
1?O,
27?O,
?O,
整改,v
完成,v
,
Q3,ws
?I,
钢筋,n
加工?I,
钢筋,n
未戴,v
保护?B,
?O,
要求,v
总包,n
?O,
中建,j
?O,
?O,
1?O,
25?O,
?O,
整改,v
完成,v
,
Q3,ws
-,wp
1,m
?I,
B1,ws
-,wp
L1,ws
层柱,n
?O,
加密?B,
?O,
要求,v
总包,n
?O,
中建,j
?O,
?O,
1?O,
25?O,
?O,
整改,v
完成,v
,
Q2,m
-,wp
3,m
?I,
B1,m
?I,
?B,
上下?I,
钢筋,n
?O,
踩踏,v
?O,
一?O,
?O,
要求,v
总包,n
?O,
中建,j
?O,
?O,
1?O,
25?O,
?O,
整改,v
完成,v
,
Q1,ws
-,wp
4,m
?I,
L1,m
?I,
模板,n
支撑?I,
底部,nd
垫块,v
个别,a
部位,n
?O,
设置,v
?O,
要求,v
总包,n
?O,
中建,j
?O,
?O,
1?O,
25?O,
?O,
整改,v
完成,v
,
Q2,ws
?I,
钢筋?B,
机械,n
连接,v
丝头?I,
?O,
打磨,v
平整,v
?O,
要求,v
总包,n
?O,
中建,j
?O,
?O,
2?O,
26?O,
?O,
整改,v
完成,v
,
Q2,m
-,wp
3,m
?I,
B1,m
?I,
?B,
支模,n
?O,
设置,v
兜网,n
?O,
要求,v
总包,n
?O,
中建,j
?O,
?O,
2?O,
25?O,
?O,
整改,v
完成,v
,
Q3,m
-,wp
3,m
?I,
B3,m
?I,
后浇?B,
区域,n
?O,
?O,
?O,
充分,a
?O,
要求,v
总包,n
?O,
中建,j
?O,
?O,
2?O,
26?O,
?O,
整改,v
完成,v
,
T2,ws
?I,
L1,m
?I,
?O,
?O,
补充,v
?O,
混凝土块,n
?O,
进行,v
清理,v
?O,
要求,v
总包,n
?O,
中建,j
?O,
?O,
1?O,
25?O,
?O,
整改,v
完成,v
,
Q1,ws
-,wp
4,m
?I,
L1,m
?I,
个别,a
?O,
模架,n
上部,nd
自由?I,
过长,n
?O,
要求,v
总包,n
?O,
中建,j
?O,
?O,
3?O,
3?O,
?O,
整改,v
完成,v
,
Q1,ws
-,wp
4,m
L,ws
1,m
?I,
个别,a
?B,
钢筋,n
?O,
单肢,n
?I,
端部,n
?O,
?O,
?O,
135,m
°,q
?O,
要求,v
总包,n
?O,
?O,
?O,
?O,
?O,
3,m
?O,
2,m
?O,
?O,
整改,v
完成,v
,
Q2,ws
-,wp
5L1,m
?I,
个别,a
梁直,nh
螺纹,n
连接,v
外露,v
丝牙,n
?O,
?O,
?O,
要求,v
总包,n
?O,
中建,j
?O,
?O,
3?O,
2?O,
?O,
整改,v
完成,v
,
Q2,ws
-,wp
3B1,m
?I,
个别,a
?B,
核心?I,
?O,
进行,v
加密,v
?O,
要求,v
总包,n
?O,
中建,j
?O,
?O,
3?O,
2?O,
?O,
整改,v
完成,v
,
Q3,ws
-,wp
7B1,m
?I,
个别,a
梁底?B,
?O,
绑扎,v
?O,
要求,v
总包,n
?O,
中建,j
?O,
?O,
3?O,
2?O,
?O,
整改,v
完成,v
,
Q3,ws
-,wp
9,m
?I,
个别,a
?B,
钢筋,n
间距,n
?O,
?O,
?O,
要求,v
总包,n
?O,
?O,
?O,
?O,
?O,
3,m
?O,
3,m
?O,
?O,
整改,v
完成,v
,
T2,ws
?I,
L1,m
?I,
个别,a
墙柱,n
钢筋,n
?I,
螺纹,v
连接,v
外露,v
丝牙,n
?O,
?O,
?O,
要求,v
总包,n
?O,
中建,j
?O,
?O,
3?O,
4?O,
?O,
整改,v
完成,v
,
T3,ws
?I,
L3,ws
个别,a
?B,
铝模,n
插销,v
间距,n
?O,
?O,
?O,
要求,v
总包,n
?O,
中建,j
?O,
?O,
3?O,
4?O,
?O,
整改,v
完成,v
,
Q1,ws
-,wp
5,m
?I,
墙柱,n
底部,nd
钢筋,n
偏位,n
?O,
要求,v
总包,n
?O,
中建,j
?O,
?O,
3?O,
9?O,
?O,
整改,v
完成,v
,
Q1,m
-,wp
8,m
B,ws
4,m
?I,
个别,a
?B,
防门,v
底部,nd
?I,
?O,
箍筋,n
?O,
要求,v
总包,n
?O,
?O,
?O,
?O,
?O,
3,m
?O,
9,m
?O,
?O,
整改,v
完成,v
,
Q2,m
-,wp
6,m
B1,ws
个别,a
梁钢?B,
锚固,j
长度,n
?O,
?O,
?O,
要求,v
总包,n
?O,
?O,
?O,
?O,
?O,
3?O,
9,m
日前,nt
整改,v
完成,v
,
Q2,ws
-,wp
6B1,m
?I,
个别,a
位置,n
模板,n
拼缝,v
?O,
?O,
?O,
要求,v
总包,n
?O,
中建,j
?O,
?O,
3?O,
9?O,
?O,
整改,v
完成,v
,
Q3,ws
-,wp
8B1,m
?I,
消防,b
水池,n
止水,v
钢板,n
?O,
?O,
?O,
?O,
要求,v
总包,n
?O,
中建,j
?O,
?O,
3?O,
9?O,
?O,
整改,v
完成,v
,
Q3,ws
-,wp
5,m
?I,
B2,ws
?I,
后浇?B,
建渣,n
?O,
清理,v
?O,
要求,v
总包,n
?O,
中建,j
?O,
?O,
3?O,
3?O,
?O,
整改,v
完成,v
,
T2,ws
?I,
L1,m
?I,
北侧,nd
?B,
模架,n
立杆,d
?O,
悬空,v
?O,
要求,v
总包,n
?O,
中建,j
?O,
?O,
3?O,
10?O,
?O,
整改,v
完成,v
,
T2,ws
?I,
L1,m
?I,
?B,
箍筋,v
间距,n
不均匀,a
?O,
要求,v
总包,n
?O,
中建,j
?O,
?O,
3?O,
10?O,
?O,
整改,v
完成,v
,
Q1,ws
-,wp
4,m
?I,
L2,m
?I,
板筋,n
锚固,a
长度,n
不足,a
?O,
要求,v
总包,n
?O,
中建,j
?O,
?O,
3?O,
15?O,
?O,
整改,v
完成,v
,
Q1,ws
-,wp
4,m
?I,
L2,m
?I,
梁内,nl
套管,n
掉入,v
梁内,nh
?O,
要求,v
总包,n
?O,
中建,j
?O,
?O,
3?O,
15?O,
?O,
整改,v
完成,v
,
Q2,m
-,wp
6,m
B1,ws
个别,a
模板,n
拼缝,v
?O,
?O,
?O,
要求,v
总包,n
?O,
?O,
?O,
?O,
?O,
3?O,
15,m
日前,nt
整改,v
完成,v
,
Q3,ws
-,wp
6B1,m
?I,
?B,
?I,
螺纹,v
外露,v
丝牙,n
?O,
?O,
?O,
要求,v
总包,n
?O,
中建,j
?O,
?O,
3?O,
15?O,
?O,
整改,v
完成,v
,
Q2,ws
?I,
加工?B,
机械,n
连接,v
?O,
佩戴,v
保护?B,
?O,
要求,v
总包,n
?O,
中建,j
?O,
?O,
3?O,
16?O,
?O,
整改,v
完成,v
,
Q3,m
-,wp
8,m
?I,
B1,m
?I,
?B,
支模,n
?O,
设置,v
兜网,n
?O,
要求,v
总包,n
?O,
中建,j
?O,
?O,
3?O,
16?O,
?O,
整改,v
完成,v
,
T2,ws
?I,
B1,ws
?I,
?B,
套管,n
?O,
加强,v
?O,
要求,v
总包,n
?O,
中建,j
?O,
?O,
3?O,
16?O,
?O,
整改,v
完成,v
,
T2,ws
?I,
?B,
支模?I,
钢筋,n
?O,
错头,v
?O,
要求,v
总包,n
?O,
中建,j
?O,
?O,
3?O,
16?O,
?O,
整改,v
完成,v
,
T2,ws
?I,
L2,m
?I,
?B,
套管,n
?O,
加强,v
?O,
要求,v
总包,n
?O,
中建,j
?O,
?O,
3?O,
16?O,
?O,
整改,v
完成,v
,
Q1,m
-,wp
3,m
?I,
L2,m
?I,
?B,
模架,n
缺少,v
兜网,n
?O,
要求,v
总包,n
?O,
中建,j
?O,
?O,
3?O,
23?O,
?O,
整改,v
完成,v
,
Q1,m
-,wp
7,m
?I,
L1,m
?I,
?B,
?I,
螺纹,v
外露,v
丝牙,n
?O,
?O,
?O,
要求,v
总包,n
?O,
中建,j
?O,
?O,
3?O,
23?O,
?O,
整改,v
完成,v
,
Q1,m
-,wp
3,m
L,q
2,m
?I,
个别,a
墙柱,n
底部,nd
?O,
?O,
?O,
?O,
要求,v
总包,n
?O,
?O,
?O,
?O,
?O,
3?O,
23,m
日前,nt
整改,v
完成,v
,
Q2,ws
-,wp
5,m
?I,
L,ws
1,m
?I,
梁模?B,
拼缝,v
?O,
?O,
?O,
要求,v
总包,n
?O,
?O,
?O,
?O,
?O,
3,m
?O,
22,m
?O,
?O,
整改,v
完成,v
,
Q2,ws
-,wp
5,m
?I,
L1,m
?I,
个别,a
梁内,nl
套管,n
?O,
加强,v
?O,
要求,v
总包,n
?O,
中建,j
?O,
?O,
3?O,
22?O,
?O,
整改,v
完成,v
,
Q3,m
-,wp
8,m
?I,
B1,ws
结构,n
?I,
?O,
?O,
?O,
充分,a
?O,
建渣,n
?O,
清理,v
?O,
要求,v
总包,n
?O,
中建,j
?O,
?O,
3?O,
23?O,
?O,
整改,v
完成,v
,
Q3,ws
-,wp
5,m
?B,
挡墙,n
防水,v
卷材,n
脱落,v
?O,
要求,v
总包,n
?O,
?O,
?O,
?O,
?O,
3,m
?O,
23,m
?O,
?O,
整改,v
完成,v
,
Q3,ws
-,wp
9,m
?B,
钢筋,n
外露,v
?O,
进行,v
处理,v
?O,
要求,v
总包,n
?O,
?O,
?O,
?O,
?O,
3,m
?O,
23,m
?O,
?O,
整改,v
完成,v
,
T2,ws
?I,
L2,m
?I,
个别,a
?B,
模架,n
立杆,d
悬空,v
?O,
要求,v
总包,n
?O,
中建,j
?O,
?O,
3?O,
23?O,
?O,
整改,v
完成,v
,
Q4,m
-,wp
1,m
?I,
B4,ws
?I,
结构,n
车道,n
?I,
?B,
钢筋,n
?I,
锚段,v
长度,n
不足,a
?O,
要求,v
总包,n
?O,
中建,j
?O,
?O,
3?O,
22?O,
?O,
整改,v
完成,v
,
Q1,m
-,wp
8,m
B,ws
2,m
?I,
?B,
螺纹,n
连接,v
外露,v
丝扣,n
?O,
?O,
?O,
要求,v
总包,n
?O,
?O,
?O,
?O,
?O,
3,m
?O,
28?O,
?O,
整改,v
完成,v
,
Q1,ws
?I,
钢筋,n
加工?I,
直径,n
28,m
?O,
丝扣,n
数量,n
不够,a
?O,
要求,v
总包,n
?O,
中建,j
?O,
?O,
3?O,
31?O,
?O,
整改,v
完成,v
,
Q1,ws
?I,
?B,
挡墙,n
防水,v
保护,v
?I,
?O,
?O,
?O,
要求,v
总包,n
?O,
中建,j
?O,
?O,
3?O,
29?O,
?O,
整改,v
完成,v
,
Q3,ws
-,wp
2L1,m
结构?B,
模板,n
拼缝,v
?O,
?O,
?O,
要求,v
总包,n
?O,
中建,j
?O,
?O,
3?O,
30,m
日前,nt
整改,v
完成,v
,
Q3,ws
-,wp
2L1,m
结构,n
梁底,nh
钢筋,n
?O,
设置,v
垫块,n
?O,
要求,v
总包,n
?O,
中建,j
?O,
?O,
3?O,
30,m
日前,nt
整改,v
完成,v
,
Q2,ws
-,wp
3L1,m
结构,n
模板,n
拼缝,v
错台,n
?O,
要求,v
总包,n
?O,
中建,j
?O,
?O,
3?O,
30,m
日前,nt
整改,v
完成,v
,
Q3,ws
-,wp
2L1,m
结构,n
穿梁,n
套管,n
?O,
加强,v
?O,
要求,v
总包,n
?O,
中建,j
?O,
?O,
3?O,
30,m
日前,nt
整改,v
完成,v
,
Q2,ws
-,wp
3L1,m
结构,n
?I,
?O,
?O,
?O,
?O,
要求,v
总包,n
?O,
中建,j
?O,
?O,
3?O,
30,m
日前,nt
整改,v
完成,v
,
Q2,ws
-,wp
3L1,m
结构,n
梁筋,nh
外露,v
丝扣,n
过多,d
?O,
要求,v
总包,n
?O,
中建,j
?O,
?O,
3?O,
30,m
日前,nt
整改,v
完成,v
,
Q4,ws
?I,
B3,m
?I,
柱底,n
箍筋,n
?O,
加密,v
?O,
要求,v
总包,n
?O,
中建,j
?O,
?O,
3?O,
30,m
日前,nt
整改,v
完成,v
,
T3,ws
-,wp
1,m
B,ws
1,m
?I,
?B,
模架,n
天杆,n
?O,
横杆,n
?O,
要求,v
总包,n
?O,
?O,
?O,
?O,
?O,
3,m
?O,
30,m
日前,nt
整改,v
完成,v
,
Q1,m
-,wp
3,m
?I,
L2,m
?I,
柱模,n
底部,nd
?O,
?O,
?B,
螺帽,n
紧固,v
?O,
要求,v
总包,n
?O,
中建,j
?O,
?O,
4?O,
6?O,
?O,
整改,v
完成,v
,
Q1,ws
?I,
钢筋,n
加工?I,
直径,n
22,m
?O,
钢筋,n
丝牙,n
不够,a
?O,
要求,v
总包,n
?O,
中建,j
?O,
?O,
4?O,
5?O,
?O,
整改,v
完成,v
,
Q1,ws
?I,
南侧,nd
防水,v
卷材,n
脱落,v
?O,
要求,v
总包,n
?O,
中建,j
?O,
?O,
4?O,
5?O,
?O,
整改,v
完成,v
,
T3,ws
?I,
L5,m
?I,
剪力?B,
电渣,n
压力,n
?I,
焊包,v
质量,n
?O,
合格,v
?O,
要求,v
总包,n
?O,
中建,j
?O,
?O,
4?O,
5?O,
?O,
整改,v
完成,v
,
T2,ws
?I,
B1,ws
?I,
剪力?B,
夹渣,n
?O,
要求,v
总包,n
?O,
中建,j
?O,
?O,
4?O,
7?O,
?O,
整改,v
完成,v
,
Q3,ws
-,wp
10,m
?I,
B2,ws
?I,
止水,n
钢板,n
?O,
?O,
?O,
?O,
要求,v
总包,n
?O,
中建,j
?O,
?O,
4?O,
7?O,
?O,
整改,v
完成,v
,
Q3,ws
-,wp
10,m
?I,
B2,ws
?I,
外墙,n
?O,
内衬,n
?O,
要求,v
总包,n
?O,
中建,j
?O,
?O,
4?O,
7?O,
?O,
整改,v
完成,v
,
Q3,ws
-,wp
9,m
?I,
B2,ws
?I,
施工,v
?I,
部位,n
?O,
?O,
?O,
?O,
要求,v
总包,n
?O,
中建,j
?O,
?O,
4?O,
8?O,
?O,
整改,v
完成,v
,
Q2,ws
-,wp
5,m
?I,
L1,m
?I,
降班,n
区域,n
吊模,n
?O,
木方,n
?O,
要求,v
总包,n
?O,
中建,j
?O,
?O,
4?O,
8?O,
?O,
整改,v
完成,v
,
Q3,m
-,wp
8,m
?I,
B1,m
?I,
?B,
螺纹,n
套筒,n
连接,v
外露,v
丝扣,n
过多,d
?O,
要求,v
总包,n
?O,
中建,j
?O,
?O,
4?O,
8?O,
?O,
整改,v
完成,v
,
Q2,ws
-,wp
5,m
?I,
L2,m
?I,
柱脚,n
?O,
?O,
?O,
?O,
要求,v
总包,n
?O,
中建,j
?O,
?O,
4?O,
8?O,
?O,
整改,v
完成,v
,
Q1,m
-,wp
8,m
?I,
B1,m
?I,
?B,
钢筋,n
外露,v
丝牙,n
?O,
?O,
?O,
要求,v
总包,n
?O,
中建,j
?O,
?O,
4?O,
11?O,
?O,
整改,v
完成,v
,
Q1,ws
?I,
钢筋,n
加工?I,
钢筋,n
未戴,v
保护?B,
?O,
要求,v
总包,n
?O,
中建,j
?O,
?O,
4?O,
12?O,
?O,
整改,v
完成,v
,
Q1,m
-,wp
8,m
?I,
B1,m
?I,
?B,
?I,
套管,n
?I,
?O,
设置,v
加密,v
箍筋,n
?O,
要求,v
总包,n
?O,
中建,j
?O,
?O,
4?O,
11?O,
?O,
整改,v
完成,v
,
Q2,m
-,wp
2,m
?I,
L1,m
?I,
?B,
?I,
垫块,n
不足,a
?O,
要求,v
总包,n
?O,
中建,j
?O,
?O,
4?O,
15?O,
?O,
整改,v
完成,v
,
Q2,ws
-,wp
1,m
?I,
L2,m
?I,
施工,v
?I,
?O,
?O,
?O,
?O,
要求,v
总包,n
?O,
中建,j
?O,
?O,
4?O,
15?O,
?O,
整改,v
完成,v
,
Q2,ws
-,wp
1,m
?I,
L2,m
?I,
?I,
箍筋,v
肢数,n
不足,a
?O,
要求,v
总包,n
?O,
中建,j
?O,
?O,
4?O,
13?O,
?O,
整改,v
完成,v
,
Q3,ws
-,wp
9,m
?I,
B2,ws
?I,
止水,n
钢板,n
?O,
?O,
?O,
?O,
要求,v
总包,n
?O,
中建,j
?O,
?O,
4?O,
13?O,
?O,
整改,v
完成,v
,
Q3,ws
-,wp
9,m
?I,
B2,ws
?I,
架立?B,
长度,n
不足,a
?O,
要求,v
总包,n
?O,
中建,j
?O,
?O,
4?O,
13?O,
?O,
整改,v
完成,v
,
Q3,ws
?I,
钢筋,n
加工,v
?I,
端头,n
?O,
打磨,v
?O,
要求,v
总包,n
?O,
中建,j
?O,
?O,
4?O,
13?O,
?O,
整改,v
完成,v
,
Q4,m
-,wp
1,m
?I,
B2,ws
?I,
?B,
锚固,a
长度,n
不足,a
?O,
要求,v
总包,n
?O,
中建,j
?O,
?O,
4?O,
13?O,
?O,
整改,v
完成,v
,
Q4,m
-,wp
1,m
?I,
B2,ws
?I,
梁底,nh
模板,n
拼缝,v
?O,
?O,
?O,
要求,v
总包,n
?O,
中建,j
?O,
?O,
4?O,
13?O,
?O,
整改,v
完成,v
,
Q1,ws
-,wp
5,m
?I,
L2,m
?I,
结构,n
顶板,n
梁拼?I,
?O,
?O,
?O,
要求,v
总包,n
?O,
中建,j
?O,
?O,
4?O,
21?O,
?O,
整改,v
完成,v
,
Q1,m
-,wp
7,m
?I,
L2,m
?I,
结构,n
高低,n
?I,
转换,v
?I,
钢筋,n
锚固,j
长度,n
不足,a
?O,
要求,v
总包,n
?O,
中建,j
?O,
?O,
4?O,
21?O,
?O,
整改,v
完成,v
,
Q1,m
-,wp
7,m
?I,
L2,m
?I,
结构,n
梁底,nh
钢筋,n
?O,
设置,v
垫块,n
?O,
要求,v
总包,n
?O,
中建,j
?O,
?O,
4?O,
21?O,
?O,
整改,v
完成,v
,
Q3,ws
-,wp
9,m
?I,
B2,ws
?I,
结构,n
梁内,nh
垫块,n
不足,a
?O,
要求,v
总包,n
?O,
中建,j
?O,
?O,
4?O,
19?O,
?O,
整改,v
完成,v
,
Q3,ws
-,wp
1,m
?I,
L2,m
?I,
模板,n
拼缝,v
?O,
?O,
?O,
要求,v
总包,n
?O,
中建,j
?O,
?O,
4?O,
23?O,
?O,
整改,v
完成,v
,
Q3,ws
-,wp
1,m
?I,
L2,m
?I,
?B,
箍筋,v
肢数,n
不足,a
?O,
要求,v
总包,n
?O,
中建,j
?O,
?O,
4?O,
23?O,
?O,
整改,v
完成,v
,
Q2,ws
-,wp
5,m
?I,
L2,m
?I,
楼梯,n
?O,
设置,v
振捣,v
?I,
?O,
透气,v
?I,
?O,
要求,v
总包,n
?O,
中建,j
?O,
?O,
4?O,
20?O,
?O,
整改,v
完成,v
,
Q2,ws
-,wp
5,m
?I,
L2,m
?I,
穿梁,n
套管,n
?O,
设置,v
加强,v
钢筋,n
?O,
要求,v
总包,n
?O,
中建,j
?O,
?O,
4?O,
21?O,
?O,
整改,v
完成,v
,
T2,ws
?I,
L3,m
?I,
?B,
?I,
套管,n
?O,
加密,v
箍筋,n
?O,
要求,v
总包,n
?O,
中建,j
?O,
?O,
4?O,
20?O,
?O,
整改,v
完成,v
,
Q4,m
-,wp
1,m
?I,
B2,ws
?I,
吊模,n
?O,
平直,a
?O,
要求,v
总包,n
?O,
中建,j
?O,
?O,
4?O,
20?O,
?O,
整改,v
完成,v
,
Q4,m
-,wp
1,m
?I,
B2,ws
?I,
?B,
腰筋,n
?O,
绑扎,v
牢固,a
?O,
弯曲,a
?O,
要求,v
总包,n
?O,
中建,j
?O,
?O,
4?O,
20?O,
?O,
整改,v
完成,v
,
Q1,m
-,wp
3,m
?I,
B1,m
?I,
柱底,n
?O,
?O,
?O,
充分,a
?O,
要求,v
总包,n
?O,
中建,j
?O,
?O,
4?O,
30,m
日前,nt
整改,v
完成,v
,
Q1,ws
-,wp
6,m
?I,
B2,ws
?I,
结构,n
模板,n
孔洞,n
?O,
?O,
?O,
要求,v
总包,n
?O,
中建,j
?O,
?O,
4?O,
30,m
日前,nt
整改,v
完成,v
,
Q1,ws
-,wp
6,m
?I,
B2,ws
?I,
结构,n
施工,v
?I,
部位,n
?O,
?O,
?O,
充分,a
?O,
要求,v
总包,n
?O,
中建,j
?O,
?O,
4?O,
30,m
日前,nt
整改,v
完成,v
,
Q2,m
-,wp
3,m
?I,
L2,m
?I,
结构,n
?I,
吊筋,n
?O,
进行,v
绑扎,v
?O,
要求,v
总包,n
?O,
中建,j
?O,
?O,
4?O,
28,m
日前,nt
整改,v
完成,v
,
Q2,m
-,wp
3,m
?I,
L2,m
?I,
模板,n
拼缝,v
?O,
?O,
?O,
要求,v
总包,n
?O,
中建,j
?O,
?O,
4?O,
23?O,
?O,
整改,v
完成,v
,
Q2,m
-,wp
3,m
?I,
L2,m
?I,
?B,
?I,
间距,n
?O,
?O,
?O,
要求,v
总包,n
?O,
中建,j
?O,
?O,
4?O,
28,m
日前,nt
整改,v
完成,v
,
Q3,ws
-,wp
10,m
?I,
B1,ws
?I,
结构,n
挡墙,n
套管,n
?O,
加强,v
?O,
要求,v
总包,n
?O,
中建,j
?O,
?O,
4?O,
30,m
日前,nt
整改,v
完成,v
,
Q3,ws
-,wp
10,m
?I,
B1,ws
?I,
结构,n
梁底,nh
钢筋,n
?O,
进行,v
绑扎,v
?O,
要求,v
总包,n
?O,
中建,j
?O,
?O,
4?O,
30,m
日前,nt
整改,v
完成,v
,
Q3,ws
-,wp
10,m
?I,
B1,ws
?I,
结构,n
施工,v
?I,
部位,n
?O,
?O,
?O,
充分,a
?O,
要求,v
总包,n
?O,
中建,j
?O,
?O,
4?O,
30,m
日前,nt
整改,v
完成,v
,
T2,ws
?I,
L3,m
?I,
结构,n
幕墙,n
预埋?I,
?O,
固定,v
?O,
要求,v
总包,n
?O,
中建,j
?O,
?O,
4?O,
27?O,
?O,
整改,v
完成,v
,
T2,ws
?I,
L3,m
?I,
结构,n
主次,n
?I,
交接?I,
箍筋,v
支数,n
不足,a
?O,
要求,v
总包,n
?O,
中建,j
?O,
?O,
4?O,
27?O,
?O,
整改,v
完成,v
,
T2,ws
?I,
L3,m
?I,
结构,n
穿梁,n
套管,n
?O,
进行,v
加强,v
?O,
要求,v
总包,n
?O,
中建,j
?O,
?O,
4?O,
27?O,
?O,
整改,v
完成,v
,
Q1,m
-,wp
8,m
?I,
L1,m
?I,
施工,v
?I,
部位,n
?O,
?O,
?O,
充分,a
?O,
要求,v
总包,n
?O,
中建,j
?O,
?O,
5?O,
4?O,
?O,
整改,v
完成,v
,
Q1,m
-,wp
3,m
?I,
L3,m
?I,
结构,n
柱子,n
核心,n
加密?I,
箍筋,v
支数,n
不足,a
?O,
要求,v
总包,n
?O,
中建,j
?O,
?O,
5?O,
4?O,
?O,
整改,v
完成,v
,
Q1,m
-,wp
3,m
?I,
L3,m
?I,
结构,n
模板,n
孔洞,n
?O,
?O,
?O,
要求,v
总包,n
?O,
中建,j
?O,
?O,
5?O,
3,m
日前,nt
整改,v
完成,v
,
Q2,ws
-,wp
1,m
?I,
L3,m
?I,
结构,n
?I,
加密?I,
箍筋,n
支数,n
不足,a
?O,
要求,v
总包,n
?O,
中建,j
?O,
?O,
5?O,
4?O,
?O,
整改,v
完成,v
,
Q2,m
-,wp
6,m
?I,
L2,m
?I,
机械,n
连接,v
外露,v
丝牙,n
?O,
?O,
?O,
要求,v
总包,n
?O,
中建,j
?O,
?O,
5?O,
2?O,
?O,
整改,v
完成,v
,
Q2,m
-,wp
6,m
?I,
L2,m
?I,
模板,n
错台,n
?O,
要求,v
总包,n
?O,
中建,j
?O,
?O,
5?O,
4?O,
?O,
整改,v
完成,v
,
Q3,m
-,wp
2,m
?I,
L2,m
?I,
结构,n
预应?I,
梁底,nh
钢筋,n
垫块,n
不足,a
?O,
要求,v
总包,n
?O,
中建,j
?O,
?O,
5?O,
4?O,
?O,
整改,v
完成,v
,
Q3,m
-,wp
2,m
?I,
L2,m
?I,
结构,n
模板,n
拼缝,v
?O,
?O,
?O,
要求,v
总包,n
?O,
中建,j
?O,
?O,
5?O,
2?O,
?O,
整改,v
完成,v
,
Q3,ws
-,wp
7,m
?I,
B1,m
?I,
结构,n
?I,
成品,n
钢筋,n
材料,n
堆码,n
?O,
水中,nl
?O,
要求,v
总包,n
?O,
中建,j
?O,
?O,
5?O,
3,m
日前,nt
整改,v
完成,v
,
T3,ws
?I,
L7,m
?I,
单子,n
?I,
支数,n
不足,a
?O,
要求,v
总包,n
?O,
中建,j
?O,
?O,
5?O,
2?O,
?O,
整改,v
完成,v
,
T3,ws
?I,
L7,m
?I,
结构,n
柱子,n
机械,n
连接,v
外露,v
丝牙,n
?O,
?O,
?O,
要求,v
总包,n
?O,
中建,j
?O,
?O,
5?O,
2?O,
?O,
整改,v
完成,v
,
T3,ws
?I,
L7,m
?I,
柱子,n
?O,
?O,
?O,
充分,a
?O,
要求,v
总包,n
?O,
中建,j
?O,
?O,
5?O,
2?O,
?O,
整改,v
完成,v
,
Q1,ws
-,wp
4,m
?I,
L3,m
?I,
?B,
加密,v
?I,
肢数,n
不足,a
?O,
要求,v
总包,n
?O,
中建,j
?O,
?O,
5?O,
10?O,
?O,
整改,v
完成,v
,
Q1,m
-,wp
3,m
?I,
L2,m
?I,
?B,
模板,n
错缝,n
严重,a
?O,
要求,v
总包,n
?O,
中建,j
?O,
?O,
5?O,
10?O,
?O,
整改,v
完成,v
,
Q1,ws
-,wp
5,m
?I,
L1,m
?I,
顶板,n
蜂窝,n
麻面,n
严重,a
?O,
要求,v
总包,n
?O,
中建,j
?O,
?O,
5?O,
10?O,
?O,
整改,v
完成,v
,
Q2,ws
-,wp
5,m
?I,
L1,m
?I,
梁底,nh
漏浆,v
?O,
要求,v
总包,n
?O,
中建,j
?O,
?O,
5?O,
10?O,
?O,
整改,v
完成,v
,
钢筋,n
加工,v
?I,
?B,
螺纹,n
加工,v
端头,n
?O,
打磨,v
?O,
要求,v
总包,n
?O,
中建,j
?O,
?O,
5?O,
10?O,
?O,
整改,v
完成,v
,
Q3,ws
-,wp
9,m
?I,
B1,m
?I,
模首,n
?I,
间距,n
?O,
?O,
?O,
要求,v
总包,n
?O,
中建,j
?O,
?O,
5?O,
10?O,
?O,
整改,v
完成,v
,
Q3,ws
-,wp
9,m
?I,
B1,m
?I,
?B,
接头,v
?I,
?O,
?O,
?O,
?O,
要求,v
总包,n
?O,
中建,j
?O,
?O,
5?O,
10?O,
?O,
整改,v
完成,v
,
Q3,m
-,wp
3,m
?I,
L2,m
?I,
结构,n
?O,
设置,v
马镫,n
?O,
要求,v
总包,n
?O,
中建,j
?O,
?O,
5?O,
10?O,
?O,
整改,v
完成,v
,
Q3,ws
-,wp
9,m
?I,
B1,ws
?I,
结构,n
套管,n
?O,
安装,v
加强?B,
?O,
要求,v
总包,n
?O,
中建,j
?O,
?O,
5?O,
10?O,
?O,
整改,v
完成,v
,
Q4,m
-,wp
1,m
?I,
B1,ws
?I,
西侧,nd
挡墙,n
套管,n
?O,
?O,
加强?B,
?O,
要求,v
总包,n
?O,
中建,j
?O,
?O,
5?O,
10?O,
?O,
整改,v
完成,v
,
Q4,m
-,wp
1,m
?I,
B1,ws
?I,
?B,
模架,n
扫地?I,
?O,
?O,
?O,
要求,v
总包,n
?O,
中建,j
?O,
?O,
5?O,
10?O,
?O,
整改,v
完成,v
,
T3,ws
?I,
B1,ws
?I,
北侧,nd
挡墙,n
错台,n
?O,
模板,n
?O,
完成,v
拆除,v
?O,
要求,v
总包,n
?O,
中建,j
?O,
?O,
5?O,
10?O,
?O,
整改,v
完成,v
,
Q1,m
-,wp
2,m
?I,
L1,m
?I,
?B,
加密,v
?I,
肢数,n
不足,a
?O,
要求,v
总包,n
?O,
中建,j
?O,
?O,
5?O,
20?O,
?O,
整改,v
完成,v
,
Q1,ws
-,wp
1,m
?I,
L1,m
?I,
?B,
模板,n
拼缝,v
?O,
?O,
?O,
要求,v
总包,n
?O,
中建,j
?O,
?O,
5?O,
20?O,
?O,
整改,v
完成,v
,
Q1,ws
-,wp
6,m
?I,
B1,m
?I,
机械,n
连接,v
外露,v
丝牙,n
?O,
?O,
?O,
要求,v
总包,n
?O,
中建,j
?O,
?O,
5?O,
17?O,
?O,
整改,v
完成,v
,
Q2,m
-,wp
2,m
?I,
L2,m
?I,
楼梯,n
部位,n
钢筋,n
?O,
设置,v
马镫,n
?O,
要求,v
总包,n
?O,
中建,j
?O,
?O,
5?O,
18,m
日前,nt
整改,v
完成,v
,
Q2,m
-,wp
2,m
?I,
L2,m
?I,
楼梯,n
模板,n
?O,
设置,v
振捣,v
?I,
?O,
?B,
气孔,n
?O,
要求,v
总包,n
?O,
中建,j
?O,
?O,
5?O,
18,m
日前,nt
整改,v
完成,v
,
Q2,m
-,wp
3,m
?I,
L3,m
?I,
机械,n
连接,v
外露,v
丝牙,n
?O,
?O,
?O,
要求,v
总包,n
?O,
中建,j
?O,
?O,
5?O,
18,m
日前,nt
整改,v
完成,v
,
Q3,ws
?I,
钢筋,n
加工,v
?I,
机械,n
连接,v
端部,n
?O,
打磨,v
平整,v
?O,
要求,v
总包,n
?O,
中建,j
?O,
?O,
5?O,
20?O,
?O,
整改,v
完成,v
,
Q3,ws
-,wp
1,m
?I,
L3,m
?I,
结构,n
?I,
锚固,j
长度,n
不足,a
?O,
要求,v
总包,n
?O,
中建,j
?O,
?O,
5?O,
20?O,
?O,
整改,v
完成,v
,
Q3,ws
-,wp
1,m
?I,
L3,m
?I,
结构,n
施工,v
?I,
部位,n
?O,
进行,v
凿毛,v
?O,
要求,v
总包,n
?O,
中建,j
?O,
?O,
5?O,
20?O,
?O,
整改,v
完成,v
,
T3,ws
?I,
L8,m
?I,
铝模,n
拼缝,v
?O,
?O,
?O,
要求,v
总包,n
?O,
中建,j
?O,
?O,
5?O,
18,m
日前,nt
整改,v
完成,v
,
T3,ws
?I,
L8,m
?I,
梁底,n
?O,
设置,v
垫块,n
?O,
要求,v
总包,n
?O,
中建,j
?O,
?O,
5?O,
18,m
日前,nt
整改,v
完成,v
,
T3,ws
?I,
L8,m
?I,
梁首,n
?I,
间距,n
?O,
?O,
?O,
要求,v
总包,n
?O,
中建,j
?O,
?O,
5?O,
18,m
日前,nt
整改,v
完成,v
,
Q1,m
-,wp
8,m
?I,
L2,m
?I,
模板,n
拼缝,v
?O,
?O,
?O,
要求,v
总包,n
?O,
中建,j
?O,
?O,
5?O,
25?O,
?O,
整改,v
完成,v
,
Q1,m
-,wp
8,m
?I,
L2,m
?I,
机械,n
连接,v
外露,v
丝牙,n
?O,
?O,
?O,
要求,v
总包,n
?O,
中建,j
?O,
?O,
5?O,
24?O,
?O,
整改,v
完成,v
,
Q1,m
-,wp
8,m
?I,
L2,m
?I,
波纹?B,
接头,v
位置,n
?O,
?O,
胶带,n
密封,v
?O,
要求,v
总包,n
?O,
中建,j
?O,
?O,
5?O,
24?O,
?O,
整改,v
完成,v
,
Q2,ws
-,wp
5,m
?I,
L4,m
?I,
柱底,n
?O,
?O,
?O,
充分,a
?O,
要求,v
总包,n
?O,
中建,j
?O,
?O,
5?O,
25?O,
?O,
整改,v
完成,v
,
Q2,ws
-,wp
1,m
?I,
L4,m
?I,
穿梁,n
套管,n
?O,
加强,v
?O,
要求,v
总包,n
?O,
中建,j
?O,
?O,
5?O,
26?O,
?O,
整改,v
完成,v
,
Q2,ws
?I,
钢筋?B,
机械,n
连接,v
?O,
佩戴,v
保护?B,
?O,
要求,v
总包,n
?O,
中建,j
?O,
?O,
5?O,
23?O,
?O,
整改,v
完成,v
,
Q3,m
-,wp
3,m
?I,
L3,m
?I,
模板,n
拼缝,v
?O,
?O,
?O,
要求,v
总包,n
?O,
中建,j
?O,
?O,
5?O,
24?O,
?O,
整改,v
完成,v
,
Q3,ws
-,wp
1,m
?I,
L3,m
?I,
结构,n
梁底,nh
垫块,n
不足,a
?O,
要求,v
总包,n
?O,
中建,j
?O,
?O,
5?O,
24?O,
?O,
整改,v
完成,v
,
Q3,m
-,wp
2,m
?I,
L3,m
?I,
结构,n
施工,v
?I,
部位,n
?O,
?O,
?O,
充分,a
?O,
要求,v
总包,n
?O,
中建,j
?O,
?O,
5?O,
26?O,
?O,
整改,v
完成,v
,
T3,ws
?I,
L3,m
?I,
砌体,n
转角,n
部位,n
?O,
采用,v
实心,n
?I,
砌筑,v
?O,
要求,v
总包,n
?O,
中建,j
?O,
?O,
5?O,
28,m
日前,nt
整改,v
完成,v
,
T2,ws
?I,
L6,m
?I,
?B,
底部,nd
杂物,n
?O,
清理,v
干净,a
?O,
要求,v
总包,n
?O,
中建,j
?O,
?O,
5?O,
26?O,
?O,
整改,v
完成,v
,
T2,ws
?I,
L6,m
?I,
?B,
个别,a
主筋,n
?O,
进行,v
绑扎,v
?O,
要求,v
总包,n
?O,
中建,j
?O,
?O,
5?O,
25?O,
?O,
整改,v
完成,v
,
Q1,m
-,wp
2,m
?I,
B,ws
2,m
?I,
后浇?B,
?I,
?B,
露筋,v
?O,
要求,v
总包,n
?O,
?O,
?O,
?O,
?O,
6,m
?O,
1,m
?O,
?O,
整改,v
完成,v
,
Q1,m
-,wp
7,m
L,q
3,m
?I,
预应?B,
波纹?I,
?O,
破坏,v
?O,
要求,v
总包,n
?O,
?O,
?O,
?O,
?O,
5,m
?O,
31,m
?O,
?O,
整改,v
完成,v
,
Q1,m
-,wp
3,m
B,ws
1,m
?I,
悬挑?B,
?O,
进行,v
回顶,v
?O,
要求,v
总包,n
?O,
?O,
?O,
?O,
?O,
6,m
?O,
1,m
?O,
?O,
整改,v
完成,v
,
Q2,ws
-,wp
5,m
L,q
4,m
?I,
?B,
侧模,v
模板,n
拼缝,v
?O,
?O,
?O,
要求,v
总包,n
?O,
?O,
?O,
?O,
?O,
5,m
?O,
31,m
?O,
?O,
整改,v
完成,v
,
Q2,ws
-,wp
5,m
L,q
4,m
?I,
梁钢?B,
?O,
绑扎,v
?O,
要求,v
总包,n
?O,
?O,
?O,
?O,
?O,
5,m
?O,
26,m
?O,
?O,
整改,v
完成,v
,
Q2,m
-,wp
2,m
圆柱,n
底部,nd
?O,
进行,v
凿毛,v
?O,
要求,v
总包,n
?O,
中建,j
?O,
?O,
5?O,
31?O,
?O,
整改,v
完成,v
,
Q3,ws
-,wp
1,m
L,q
3,m
?I,
结构,n
?I,
钢筋,n
?O,
设置,v
马镫,n
?O,
要求,v
总包,n
?O,
?O,
?O,
?O,
?O,
5,m
?O,
31,m
?O,
?O,
整改,v
完成,v
,
Q3,ws
-,wp
1,m
?I,
梁端?B,
?O,
?O,
?O,
?O,
要求,v
总包,n
?O,
中建,j
?O,
?O,
5?O,
31?O,
?O,
整改,v
完成,v
,
T3,ws
?I,
L10,m
?I,
?B,
腰筋,n
?O,
绑扎,v
?O,
要求,v
总包,n
?O,
中建,j
?O,
?O,
5?O,
30,m
日前,nt
整改,v
完成,v
,
T3,ws
?I,
L10,m
?I,
板面,n
钢筋,n
跳绑,v
严重,a
?O,
要求,v
总包,n
?O,
中建,j
?O,
?O,
5?O,
30,m
日前,nt
整改,v
完成,v
,
T3,ws
?I,
L10,m
?I,
穿梁,n
套管,n
未设,v
加强?B,
?O,
要求,v
总包,n
?O,
中建,j
?O,
?O,
5?O,
30,m
日前,nt
整改,v
完成,v
,
Q1,m
-,wp
3,m
?I,
B,ws
1,m
?I,
外墙,n
止水,v
钢板,n
?O,
四周,nd
满焊,v
?O,
要求,v
总包,n
?O,
?O,
?O,
?O,
?O,
6,m
?O,
6,m
?O,
?O,
整改,v
完成,v
,
Q1,m
-,wp
8,m
L,q
3,m
?I,
?B,
模板,n
?O,
铺设,v
平整,v
?O,
要求,v
总包,n
?O,
?O,
?O,
?O,
?O,
6,m
?O,
6,m
?O,
?O,
整改,v
完成,v
,
Q1,m
-,wp
7,m
L,q
3,m
?I,
?B,
套管,n
?O,
设置,v
加强,v
?I,
?O,
要求,v
总包,n
?O,
?O,
?O,
?O,
?O,
6,m
?O,
6,m
?O,
?O,
整改,v
完成,v
,
Q2,m
-,wp
3,m
L,ws
4,m
?I,
?B,
?I,
木屑,n
?O,
清理,v
?O,
要求,v
总包,n
?O,
?O,
?O,
?O,
?O,
6,m
?O,
6,m
?O,
?O,
整改,v
完成,v
,
Q2,m
-,wp
3,m
L,q
3,m
?I,
结构,n
梁首,nh
?I,
间距,n
?O,
?O,
?O,
要求,v
总包,n
?O,
?O,
?O,
?O,
?O,
6,m
?O,
6,m
?O,
?O,
整改,v
完成,v
,
Q2,m
-,wp
3,m
L,q
3,m
?I,
结构,n
?I,
?I,
?O,
设置,v
垫块,n
?O,
要求,v
总包,n
?O,
?O,
?O,
?O,
?O,
6,m
?O,
6,m
?O,
?O,
整改,v
完成,v
,
Q3,ws
-,wp
4,m
B,ws
1,m
?I,
结构,n
?I,
施工,v
缝处,n
?O,
?O,
?O,
?O,
要求,v
总包,n
?O,
?O,
?O,
?O,
?O,
6,m
?O,
6,m
?O,
?O,
整改,v
完成,v
,
Q3,ws
-,wp
10,m
?I,
L1,m
?I,
?B,
?I,
?O,
木方,n
?O,
要求,v
总包,n
?O,
中建,j
?O,
?O,
6?O,
6?O,
?O,
整改,v
完成,v
,
Q3,ws
-,wp
10,m
?I,
L1,m
?I,
?B,
箍筋,v
肢数,n
不足,a
?O,
要求,v
总包,n
?O,
中建,j
?O,
?O,
6?O,
6?O,
?O,
整改,v
完成,v
,
T2,ws
?I,
L7,m
?I,
结构,n
梁箍?I,
肢数,n
不足,a
?O,
要求,v
总包,n
?O,
中建,j
?O,
?O,
6?O,
6?O,
?O,
整改,v
完成,v
,
T2,ws
?I,
L7,m
?I,
?B,
?O,
第一,m
?I,
箍筋,n
距离,n
?O,
?O,
?O,
要求,v
总包,n
?O,
中建,j
?O,
?O,
6?O,
6?O,
?O,
整改,v
完成,v
,
T3,ws
?I,
L11,m
?I,
?B,
底部,nd
建渣,n
?O,
清理,v
干净,a
?O,
要求,v
总包,n
?O,
中建,j
?O,
?O,
6?O,
6?O,
?O,
整改,v
完成,v
,
Q1,ws
?I,
钢筋,n
加工,v
?I,
丝牙,v
长度,n
不足,a
?O,
要求,v
总包,n
?O,
中建,j
?O,
?O,
6?O,
14?O,
?O,
整改,v
完成,v
,
1,m
-,wp
2,m
L,ws
2,m
?I,
?B,
端头,n
?O,
?O,
?O,
?O,
要求,v
总包,n
?O,
?O,
?O,
?O,
?O,
6,m
?O,
14,m
?O,
?O,
整改,v
完成,v
,
Q1,m
-,wp
2,m
L,ws
2,m
?I,
柱底?B,
?O,
?O,
?O,
?O,
要求,v
总包,n
?O,
?O,
?O,
?O,
?O,
6,m
?O,
14,m
?O,
?O,
整改,v
完成,v
,
Q1,m
-,wp
8,m
L,q
2,m
?I,
立杆,n
底部,nd
悬空,v
?O,
要求,v
总包,n
?O,
?O,
?O,
?O,
?O,
6,m
?O,
14,m
?O,
?O,
整改,v
完成,v
,
Q1,ws
-,wp
6,m
L,ws
1,m
?I,
模板,n
拼缝,v
?O,
?O,
?O,
要求,v
总包,n
?O,
?O,
?O,
?O,
?O,
6,m
?O,
13,m
?O,
?O,
整改,v
完成,v
,
Q2,m
-,wp
3,m
?I,
L,ws
4,m
?I,
结构,n
梁底,nh
钢筋,n
?O,
绑扎,v
?O,
要求,v
总包,n
?O,
?O,
?O,
?O,
?O,
6,m
?O,
15,m
?O,
?O,
整改,v
完成,v
,
Q2,m
-,wp
3,m
?I,
L,ws
4,m
?I,
结构,n
?I,
?I,
?I,
钢筋,n
?O,
进行,v
绑扎,v
?O,
要求,v
总包,n
?O,
?O,
?O,
?O,
?O,
6,m
?O,
16,m
?O,
?O,
整改,v
完成,v
,
Q3,ws
-,wp
1,m
?I,
L4,m
?I,
结构,n
?I,
穿梁,n
套管,n
?O,
加强,v
?O,
要求,v
总包,n
?O,
中建,j
?O,
?O,
6?O,
15?O,
?O,
整改,v
完成,v
,
Q3,ws
-,wp
1,m
?I,
L4,m
?I,
?B,
箍筋,v
支数,n
?O,
符合,v
要求,n
?O,
要求,v
总包,n
?O,
中建,j
?O,
?O,
6?O,
16?O,
?O,
整改,v
完成,v
,
Q3,ws
-,wp
1,m
?I,
L4,m
?I,
?B,
?I,
钢筋,n
?O,
进行,v
绑扎,v
?O,
要求,v
总包,n
?O,
中建,j
?O,
?O,
6?O,
16?O,
?O,
整改,v
完成,v
,
Q3,ws
-,wp
1,m
?I,
L4,m
?I,
?B,
单肢,n
?I,
支数,n
不足,a
?O,
要求,v
总包,n
?O,
中建,j
?O,
?O,
6?O,
16?O,
?O,
整改,v
完成,v
,
T3,ws
?I,
L12,m
?I,
梁底,nh
钢筋,n
垫块,n
数量,n
不足,a
?O,
要求,v
总包,n
?O,
中建,j
?O,
?O,
6?O,
13?O,
?O,
整改,v
完成,v
,
T3,ws
?I,
L12,m
?I,
?B,
?I,
?B,
串号,n
钢丝?I,
?O,
按照,p
要求,n
设置,v
?O,
要求,v
总包,n
?O,
中建,j
?O,
?O,
6?O,
13?O,
?O,
整改,v
完成,v
,
T3,ws
?I,
L11,m
?I,
结构,n
支模,n
?I,
?O,
连接,v
?O,
整体,n
?O,
要求,v
总包,n
?O,
中建,j
?O,
?O,
6?O,
13?O,
?O,
整改,v
完成,v
,
问题,n
描述,v
?O,
Q1,ws
-,wp
4,m
?I,
L4,m
?I,
柱脚,n
钢筋,n
偏位,n
?O,
要求,v
总包,n
?O,
中建,j
?O,
?O,
6?O,
21?O,
?O,
整改,v
完成,v
,
问题,n
描述,v
?O,
Q1,ws
-,wp
5,m
?I,
L4,m
?I,
柱脚,n
?O,
?O,
?O,
?O,
要求,v
总包,n
?O,
中建,j
?O,
?O,
6?O,
23?O,
?O,
整改,v
完成,v
,
问题,n
描述,v
?O,
Q1,ws
-,wp
4,m
?I,
L4,m
?I,
梁底角部,n
钢筋,n
?O,
?O,
?O,
?O,
要求,v
总包,n
?O,
中建,j
?O,
?O,
6?O,
21?O,
?O,
整改,v
完成,v
,
问题,n
描述,v
?O,
Q1,ws
-,wp
6,m
?I,
L1,m
?I,
主梁,n
?O,
加密?B,
?O,
要求,v
总包,n
?O,
中建,j
?O,
?O,
6?O,
21?O,
?O,
整改,v
完成,v
,
问题,n
描述,v
?O,
Q2,ws
-,wp
5,m
?I,
L5,m
?I,
柱筋,n
?O,
?O,
?O,
?O,
要求,v
总包,n
?O,
中建,j
?O,
?O,
6?O,
21?O,
?O,
整改,v
完成,v
,
问题,n
描述,v
?O,
Q2,ws
-,wp
2,m
?I,
L4,m
?I,
梁柱,nh
接头,v
?I,
?O,
加密,v
箍筋,n
?O,
要求,v
总包,n
?O,
中建,j
?O,
?O,
6?O,
21?O,
?O,
整改,v
完成,v
,
问题,n
描述,v
?O,
Q2,ws
-,wp
5,m
?I,
L4,m
?I,
钢绞?B,
泡水,n
?O,
要求,v
总包,n
?O,
中建,j
?O,
?O,
6?O,
21?O,
?O,
整改,v
完成,v
,
问题,n
描述,v
?O,
Q3,ws
-,wp
3,m
?I,
L4,m
?I,
?B,
模板,n
拼缝,v
?O,
?O,
?O,
要求,v
总包,n
?O,
中建,j
?O,
?O,
6?O,
21?O,
?O,
整改,v
完成,v
,
问题,n
描述,v
?O,
Q3,ws
-,wp
2,m
?I,
L4,m
?I,
?B,
?O,
?O,
?O,
垃圾,n
?O,
?O,
要求,v
总包,n
?O,
中建,j
?O,
?O,
6?O,
21?O,
?O,
整改,v
完成,v
,
问题,n
描述,v
?O,
Q3,ws
-,wp
5,m
?I,
L1,m
?I,
?O,
加密?B,
?O,
要求,v
总包,n
?O,
中建,j
?O,
?O,
6?O,
21?O,
?O,
整改,v
完成,v
,
问题,n
描述,v
?O,
T3,ws
?I,
L4,ws
构?B,
?I,
?O,
加密,v
箍筋,n
?O,
要求,v
总包,n
?O,
中建,j
?O,
?O,
6?O,
21?O,
?O,
整改,v
完成,v
,
问题,n
描述,v
?O,
T2,ws
?I,
L1,ws
铝模,n
堆码,n
过高,v
?O,
摆放,v
凌乱,a
?O,
要求,v
总包,n
?O,
中建,j
?O,
?O,
6?O,
21?O,
?O,
整改,v
完成,v
,
问题,n
描述,v
?O,
T2,ws
?I,
L9,ws
剪力?B,
拉钩,v
?O,
绑扎,v
?O,
要求,v
总包,n
?O,
中建,j
?O,
?O,
6?O,
21?O,
?O,
整改,v
完成,v
,
问题,n
描述,v
?O,
Q1,ws
?I,
钢筋,n
加工?I,
部分,m
钢筋,n
端头,n
?O,
打磨,v
?O,
要求,v
总包,n
?O,
中建,j
?O,
?O,
6?O,
28,m
日前,nt
整改,v
完成,v
,
问题,n
描述,v
?O,
Q1,ws
-,wp
3,m
?I,
L4,m
?I,
钢柱,n
箍筋,n
?O,
?O,
?O,
?O,
绑扎,v
?O,
要求,v
总包,n
?O,
中建,j
?O,
?O,
6?O,
28,m
日前,nt
整改,v
完成,v
,
问题,n
描述,v
?O,
Q1,ws
-,wp
3,m
?I,
L4,m
?I,
钢柱,n
箍筋,n
?O,
?O,
钢梁,n
预留?I,
?O,
要求,v
总包,n
?O,
中建,j
?O,
?O,
6?O,
28,m
日前,nt
整改,v
完成,v
,
问题,n
描述,v
?O,
T2,ws
?I,
L10,m
?I,
柱筋,n
电渣,n
压力,n
?I,
焊包,v
?O,
饱满,a
?O,
要求,v
总包,n
?O,
中建,j
?O,
?O,
6?O,
28,m
日前,nt
整改,v
完成,v
,
问题,n
描述,v
?O,
T3,ws
?I,
L12,m
?I,
穿梁,n
套管,n
?O,
加强,v
?O,
要求,v
总包,n
?O,
中建,j
?O,
?O,
6?O,
28,m
日前,nt
整改,v
完成,v
,
问题,n
描述,v
?O,
T3,ws
?I,
L12,m
?I,
?O,
串号,n
措施,n
未加,v
钢丝?B,
?O,
要求,v
总包,n
?O,
中建,j
?O,
?O,
6?O,
28,m
日前,nt
整改,v
完成,v
,
问题,n
描述,v
?O,
Q3,ws
-,wp
6,m
/,wp
5,m
?I,
L1,m
?I,
结构,n
梁头,n
?O,
?O,
?O,
?O,
要求,v
总包,n
?O,
中建,j
?O,
?O,
6?O,
28,m
日前,nt
整改,v
完成,v
,
问题,n
描述,v
?O,
Q3,ws
-,wp
1,m
?I,
L5,m
?I,
结构,n
支模,n
?I,
?O,
?O,
垫块,v
?O,
要求,v
总包,n
?O,
中建,j
?O,
?O,
6?O,
28,m
日前,nt
整改,v
完成,v
,
问题,n
描述,v
?O,
Q3,ws
-,wp
6,m
?I,
L1,m
?I,
结构,n
模板,n
拼缝,v
?O,
大且,n
垃圾,n
?O,
?O,
要求,v
总包,n
?O,
中建,j
?O,
?O,
6?O,
28,m
日前,nt
整改,v
完成,v
,
问题,n
描述,v
?O,
Q2,ws
-,wp
1,m
?I,
L6,m
?I,
结构,n
梁底角部,nh
钢筋,n
?O,
绑扎,v
?O,
要求,v
总包,n
?O,
中建,j
?O,
?O,
6?O,
28,m
日前,nt
整改,v
完成,v
,
问题,n
描述,v
?O,
Q2,ws
-,wp
1,m
?I,
L6,m
?I,
结构,n
梁拼?I,
?O,
?O,
?O,
要求,v
总包,n
?O,
中建,j
?O,
?O,
6?O,
28,m
日前,nt
整改,v
完成,v
,
问题,n
描述,v
?O,
Q2,ws
-,wp
5,m
?I,
L5,m
?I,
结构,n
?I,
第一,m
?I,
加密,v
?I,
距离,n
?O,
?O,
?O,
要求,v
总包,n
?O,
中建,j
?O,
?O,
6?O,
28,m
日前,nt
整改,v
完成,v
,
问题,n
描述,v
?O,
地库,n
Q3,ws
-,wp
8,m
?I,
B4,m
?I,
砌体,n
丁字?I,
?O,
设置,v
实心?B,
?O,
要求,v
总包,n
?O,
中建,j
?O,
?O,
6?O,
28,m
日前,nt
整改,v
完成,v
,
问题,n
描述,v
?O,
地库,n
Q3,ws
-,wp
2,m
?I,
B4,m
?I,
砂浆,n
?O,
?O,
沙盆,n
?O,
拌制,n
?O,
要求,v
总包,n
?O,
中建,j
?O,
?O,
6?O,
27?O,
?O,
整改,v
完成,v
,
问题,n
描述,v
?O,
Q1,ws
-,wp
3,m
?I,
L4,m
?I,
结构,n
梁头,nh
?O,
清理,v
,
问题,n
描述,v
?O,
Q1,ws
-,wp
3,m
?I,
L4,m
?I,
结构,n
穿梁,n
套管,n
?O,
加强,v
,
问题,n
描述,v
?O,
Q1,ws
-,wp
3,m
?I,
L4,m
?I,
结构,n
模板,n
拼缝,v
?O,
?O,
,
问题,n
描述,v
?O,
Q2,ws
-,wp
4,m
?I,
L2,m
?I,
柱脚,n
垃圾,n
?O,
清理,v
,
问题,n
描述,v
?O,
Q2,ws
-,wp
5,m
?I,
L5,m
?I,
结构,n
梁底,nh
?O,
支撑,v
,
问题,n
描述,v
?O,
Q2,ws
-,wp
4,m
?I,
L2,m
?I,
结构,n
楼梯,n
钢筋,n
?O,
垫块,n
,
问题,n
描述,v
?O,
Q3,ws
-,wp
3,m
?I,
L5,m
?I,
结构,n
高低?I,
转换,v
锚固,j
长度,n
不足,a
,
问题,n
描述,v
?O,
Q3,ws
-,wp
1,m
/2,wp
?I,
塔吊,n
?O,
回顶,v
,
问题,n
描述,v
?O,
Q3,ws
-,wp
5,m
?I,
L5,m
?I,
结构,n
梁模,nh
拼缝,v
?O,
?O,
,
问题,n
描述,v
?O,
T2,ws
-,wp
1,m
?I,
B4,ws
?I,
结构,n
吊模,n
高度,d
不足,v
,
问题,n
描述,v
?O,
T3,ws
?I,
钢筋,n
加工,v
?I,
丝牙,n
不够,a
,
问题,n
描述,v
?O,
T2,ws
?I,
钢筋,n
加工?I,
钢筋,n
堆放,v
?O,
裸土,n
?O,
,
问题,n
描述,v
?O,
Q1,ws
-,wp
8,m
?I,
L5,m
?I,
梁模,n
拼缝,v
?O,
?O,
,
问题,n
描述,v
?O,
Q1,ws
?I,
加工?B,
钢筋,n
端头,n
?O,
打磨,v
?O,
?O,
保护?B,
,
问题,n
描述,v
?O,
Q1,ws
-,wp
6,m
?I,
L2,m
?I,
?B,
箍筋,v
间距,n
不均匀,a
,
问题,n
描述,v
?O,
Q2,ws
-,wp
4,m
?I,
L2,m
?I,
?B,
高低,n
?I,
转换,v
?I,
钢筋,n
锚固,j
长度,n
不够,a
,
问题,n
描述,v
?O,
Q2,ws
-,wp
4,m
?I,
L2,m
?I,
结构,n
?I,
?O,
加密,v
?I,
,
问题,n
描述,v
?O,
Q2,ws
-,wp
2,m
?I,
L5,m
?I,
结构,n
梁端?I,
?O,
?O,
?O,
,
问题,n
描述,v
?O,
Q3,ws
-,wp
1,m
?I,
L6,m
?I,
结构,n
机械,n
连接,v
外露,v
丝牙,n
?O,
?O,
,
问题,n
描述,v
?O,
Q3,ws
-,wp
1,m
?I,
L6,m
?I,
梁模,n
拼缝,v
?O,
?O,
,
问题,n
描述,v
?O,
Q3,ws
-,wp
1,m
?I,
L6,m
?I,
结构,n
?I,
加密?I,
箍筋,n
支数,n
不足,a
,
问题,n
描述,v
?O,
T2,ws
-,wp
1,m
?I,
B,ws
3,m
?I,
?B,
模架,n
缺少,v
横杆,n
,
问题,n
描述,v
?O,
T,ws
3,m
?I,
B,ws
2,m
?I,
门洞,n
位置,n
砌体,n
?O,
平整,a
,
问题,n
描述,v
?O,
T,ws
3,m
?I,
加工?B,
?B,
螺纹钢筋,v
?O,
?O,
保护,v
?I,
,
问题,n
描述,v
?O,
Q1,ws
-,wp
2,m
?I,
L3,m
?I,
结构,n
建渣,n
?O,
?O,
,
问题,n
描述,v
?O,
Q1,ws
-,wp
3,m
?I,
L4,m
?I,
模板,n
拼缝,v
?O,
?O,
?O,
,
问题,n
描述,v
?O,
Q1,ws
-,wp
1,m
?I,
L3,m
?I,
底部,nd
钢筋,n
?O,
绑扎,v
,
问题,n
描述,v
?O,
Q2,ws
-,wp
4,m
?I,
L2,m
?I,
模板,n
拼缝,v
?O,
?O,
,
问题,n
描述,v
?O,
Q2,ws
-,wp
5,m
?I,
L6,m
?I,
竖向,n
钢筋,n
套筒,n
?I,
丝牙,n
?O,
?O,
,
问题,n
描述,v
?O,
Q2,ws
-,wp
2,m
?I,
L5,m
?I,
楼梯,n
?O,
?O,
?O,
?O,
清理,v
,
问题,n
描述,v
?O,
Q3,ws
-,wp
2,m
?I,
L6,m
?I,
梁底,n
?O,
钢筋,n
垫块,n
,
问题,n
描述,v
?O,
Q3,ws
-,wp
2,m
?I,
L6,m
?I,
?B,
首支,n
?I,
间距,n
过大,v
,
问题,n
描述,v
?O,
Q3,ws
-,wp
9,m
?I,
L3,m
?I,
结构,n
楼梯,n
?O,
马镫,n
,
问题,n
描述,v
?O,
T,ws
3,m
?I,
L15,m
?I,
柱子,n
钢筋,n
连接,v
套筒,n
?O,
丝牙,n
?O,
?O,
,
问题,n
描述,v
?O,
T,ws
3,m
?I,
L,ws
5,m
?I,
构造柱,n
缺少,v
钢筋,n
,
问题,n
描述,v
?O,
T,ws
3,m
?I,
L,ws
5,m
?I,
结构,n
柱底,n
?O,
?O,
?O,
,
问题,n
描述,v
?O,
Q3,ws
?I,
加工?B,
钢筋,n
未带,n
保护?B,
?O,
,
问题,n
描述,v
?O,
Q3,ws
-,wp
5,m
?I,
L2,m
?I,
柱子,n
核心,n
加密?I,
?O,
加密,v
,
问题,n
描述,v
?O,
Q1,ws
-,wp
1,m
?I,
L3,m
?I,
梁底,n
?O,
?O,
?O,
?O,
,
问题,n
描述,v
?O,
Q1,ws
-,wp
4,m
?I,
L6,m
?I,
模板,n
损坏,v
严重,a
,
问题,n
描述,v
?O,
Q2,ws
-,wp
5,m
?I,
L6,m
?I,
模板,n
拼缝,v
?O,
?O,
,
问题,n
描述,v
?O,
Q1,ws
-,wp
1,m
?I,
L3,m
?I,
钢筋,n
?O,
丝牙,n
?O,
?O,
,
问题,n
描述,v
?O,
Q1,ws
加工?I,
钢筋,n
缺少,v
丝牙,n
,
问题,n
描述,v
?O,
Q1,ws
-,wp
3,m
/4,wp
?I,
L1,m
?I,
结构,n
梁底,nh
垃圾,n
过多,d
,
问题,n
描述,v
?O,
Q3,ws
-,wp
9,m
?I,
L,ws
3,m
?I,
?B,
?I,
?O,
马镫,n
?O,
保护?B,
?O,
?O,
,
问题,n
描述,v
?O,
Q3,ws
-,wp
5,m
?I,
L,ws
2,m
?I,
梁底,n
?O,
钢筋,n
垫块,n
,
问题,n
描述,v
?O,
Q2,ws
加工?I,
钢筋,n
?O,
?O,
水中,nl
,
问题,n
描述,v
?O,
Q3,ws
-,wp
2,m
?I,
L6,m
?I,
结构,n
板厚,a
不足,a
,
问题,n
描述,v
?O,
Q3,ws
-,wp
2,m
?I,
L6,m
?I,
结构,n
梁底,nh
?O,
?O,
?O,
,
问题,n
描述,v
?O,
Q3,ws
-,wp
3,m
?I,
L6,m
?I,
结构,n
机械,n
连接,v
外露,v
丝牙,n
过长,n
?O,
,
问题,n
描述,v
?O,
Q2,m
-,wp
3,m
?I,
L6,m
?I,
柱底,n
?O,
?O,
?O,
,
问题,n
描述,v
?O,
Q2,ws
-,wp
5,m
?I,
L6,m
?I,
结构,n
梁底,nh
垃圾,n
?O,
清理,v
,
问题,n
描述,v
?O,
Q2,ws
-,wp
6,m
?I,
L6,m
?I,
结构,n
?O,
设置,v
套管,n
加强?I,
,
问题,n
描述,v
?O,
Q1,ws
-,wp
6,m
?I,
L3,m
?I,
结构,n
模板,n
拼缝,v
?O,
?O,
,
问题,n
描述,v
?O,
Q1,ws
-,wp
7,m
?I,
L5,m
?I,
结构,n
梁底,nh
钢筋,n
?O,
绑扎,v
,
问题,n
描述,v
?O,
Q1,ws
-,wp
7,m
?I,
L,ws
5,m
?I,
结构,n
机械,n
连接,v
外露,v
丝牙,n
?O,
?O,
,
问题,n
描述,v
?O,
Q4,ws
-,wp
2,m
?I,
B,ws
1,m
?I,
结构,n
梁钢?I,
?B,
?I,
?I,
?O,
绑扎,v
到位,v
,
问题,n
描述,v
?O,
T,ws
3,m
?I,
L,ws
5,m
?I,
?B,
?O,
?O,
,
问题,n
描述,v
?O,
T,ws
3,m
?I,
L,ws
6,m
?I,
电井,n
?I,
反坎,v
?O,
?O,
?O,
,
问题,n
描述,v
?O,
Q2,ws
-,wp
2,m
?I,
L6,m
?I,
钢筋,n
?O,
丝牙,n
?O,
?O,
,
问题,n
描述,v
?O,
Q2,ws
-,wp
5,m
?I,
L6,m
?I,
结构,n
套筒,n
?O,
加强,v
,
问题,n
描述,v
?O,
Q3,ws
-,wp
3,m
?I,
L6,m
?I,
结构,n
?I,
底部,nd
垃圾,n
过多,d
,
问题,n
描述,v
?O,
Q3,ws
-,wp
3,m
?I,
L6,m
?I,
结构,n
主梁,n
垫块,n
不足,a
,
问题,n
描述,v
?O,
Q3,ws
-,wp
3,m
?I,
L6,m
?I,
结构,n
主梁,n
缺少,v
箍筋,n
,
问题,n
描述,v
?O,
Q2,ws
-,wp
5,m
?I,
L6,m
?I,
结构,n
梁头,n
?O,
?O,
?O,
,
问题,n
描述,v
?O,
Q3,ws
-,wp
5,m
?I,
B1,ws
?I,
结构,n
构造柱,n
?O,
加密?B,
,
问题,n
描述,v
?O,
Q1,ws
-,wp
7,m
?I,
L5,m
?I,
结构,n
模板,n
拼缝,v
?O,
?O,
,
问题,n
描述,v
?O,
Q1,ws
-,wp
7,m
?I,
L,ws
5,m
?I,
结构,n
梁头,n
?O,
?O,
?O,
,
问题,n
描述,v
?O,
T3,ws
?I,
L14,ws
外框,n
?I,
?I,
螺纹,v
连接,v
外漏,n
丝牙,n
?O,
?O,
?O,
,
问题,n
描述,v
?O,
Q4,m
-,wp
3,m
?I,
B2,ws
?I,
偏位,n
,
问题,n
描述,v
?O,
Q4,m
-,wp
3,m
?I,
B2,ws
?I,
施工,v
?I,
部位,n
?O,
?O,
?O,
?O,
,
问题,n
描述,v
?O,
Q2,ws
-,wp
2,m
?I,
L6,m
?I,
?B,
箍筋,n
不足,a
,
问题,n
描述,v
?O,
Q2,ws
-,wp
2,m
?I,
L6,m
?I,
套管,n
?O,
设置,v
加强?B,
,
问题,n
描述,v
?O,
Q2,ws
-,wp
2,m
?I,
L6,m
?I,
?B,
接头,v
?I,
?O,
?O,
?O,
,
问题,n
描述,v
?O,
Q3,ws
-,wp
6,m
?I,
L2,m
?I,
结构,n
穿梁,n
套管,n
?O,
加强,v
,
问题,n
描述,v
?O,
Q3,ws
-,wp
6,m
?I,
L2,m
?I,
结构,n
模板,n
拼缝,v
?O,
?O,
,
问题,n
描述,v
?O,
Q1,ws
-,wp
B2,ws
/,wp
B3,ws
线槽,n
采用,v
砂浆,n
填补,v
,
问题,n
描述,v
?O,
Q3,ws
-,wp
5,m
?I,
B1,ws
?I,
构造柱,n
?O,
箍筋,n
,
问题,n
描述,v
?O,
Q3,ws
-,wp
5,m
?I,
B1,m
?I,
砌体,n
灰缝,n
?O,
填满,v
,
问题,n
描述,v
?O,
Q1,ws
-,wp
1,m
?I,
L3,m
?I,
施工,v
?I,
位置,n
?O,
?O,
?O,
,
问题,n
描述,v
?O,
Q1,ws
-,wp
1,m
?I,
L3,m
?I,
?B,
加密,v
?I,
数量,n
不足,a
,
问题,n
描述,v
?O,
Q2,ws
-,wp
4,m
?I,
L3,m
?I,
结构,n
?I,
二排?I,
?O,
绑扎,v
,
问题,n
描述,v
?O,
Q2,ws
-,wp
4,m
?I,
L3,m
?I,
结构,n
梁底,nh
垃圾,n
?O,
清理,v
,
问题,n
描述,v
?O,
Q3,ws
?I,
钢筋,n
加工,v
?I,
钢筋,n
端部,n
?O,
打磨,v
平整,a
,
问题,n
描述,v
?O,
Q3,ws
-,wp
5L3,m
?I,
模板,n
拼缝,v
?O,
?O,
,
问题,n
描述,v
?O,
T3,ws
?I,
L7,m
?I,
构造柱,n
浇筑,v
?O,
密实,a
,
问题,n
描述,v
?O,
T3,ws
?I,
L5,m
?I,
门洞,n
位置,n
?B,
掉落,v
,
问题,n
描述,v
?O,
Q4,ws
-,wp
2,m
?I,
B1,m
?I,
结构?B,
偏位,n
?O,
,
问题,n
描述,v
?O,
Q4,ws
-,wp
2,m
?I,
B1,m
?I,
结构,n
模板,n
拼缝,v
?O,
?O,
,
问题,n
描述,v
?O,
T2,ws
-,wp
1,m
?I,
B1,m
?I,
柱子,n
?O,
角筋,n
?O,
,
问题,n
描述,v
?O,
Q1,ws
?I,
钢筋,n
加工,v
?I,
丝牙,n
缺少,v
保护,v
?I,
,
问题,n
描述,v
?O,
Q1,ws
-,wp
6,m
?I,
L4,m
?I,
套管,n
?O,
设置,v
加强?B,
,
问题,n
描述,v
?O,
Q1,ws
-,wp
7,m
?I,
L5,m
?I,
?B,
螺纹,v
连接,v
外漏,n
丝牙,n
?O,
?O,
,
问题,n
描述,v
?O,
Q2,ws
-,wp
2,m
?I,
屋面,n
板筋,n
零乱,a
?O,
垫块,n
马镫,n
,
问题,n
描述,v
?O,
Q3,ws
-,wp
6,m
?I,
L4,m
?I,
结构,n
梁里,nh
?O,
清理,v
,
问题,n
描述,v
?O,
Q3,ws
-,wp
6,m
?I,
L4,m
?I,
模板,n
拼缝,v
?O,
?O,
夹带,n
垃圾,n
,
问题,n
描述,v
?O,
Q3,ws
-,wp
8,m
?I,
钢筋,n
原材?I,
堆放,v
?O,
裸土,n
?O,
,
问题,n
描述,v
?O,
Q1,ws
-,wp
8,m
?I,
L6,m
?I,
?B,
?I,
螺纹,v
外露,v
丝牙,n
过长,n
,
问题,n
描述,v
?O,
Q1,ws
-,wp
5,m
?I,
L4,m
?I,
负筋,n
绑扎,v
不足,a
,
问题,n
描述,v
?O,
Q1,ws
-,wp
1,m
?I,
L4,m
?I,
梁底?B,
?O,
绑扎,v
,
问题,n
描述,v
?O,
Q2,m
-,wp
3,m
?I,
屋面,n
施工,v
缝位?I,
杂物,n
?O,
?O,
?O,
清理,v
,
问题,n
描述,v
?O,
Q2,m
-,wp
3,m
?I,
屋面,n
施工,v
缝位?I,
?O,
?O,
?O,
,
问题,n
描述,v
?O,
Q1,ws
-,wp
5,m
?I,
L1,m
?I,
砌体,n
过梁,n
搭接,v
长度,n
不足,a
,
问题,n
描述,v
?O,
Q1,ws
-,wp
5,m
?I,
L1,m
?I,
?B,
圈梁,n
箍筋,v
肢数,n
不足,a
,
问题,n
描述,v
?O,
T3,ws
?I,
L14,m
?I,
植筋,n
?O,
规范,a
,
问题,n
描述,v
?O,
T3,ws
?I,
L12,m
?I,
风井,n
位置,n
拉结,v
数量,n
不足,a
,
问题,n
描述,v
?O,
T3,ws
?I,
L5,m
?I,
构造柱,n
挂网,n
?I,
双面,b
?I,
?O,
清理,v
,
问题,n
描述,v
?O,
Q1,ws
-,wp
8,m
?I,
L6,m
?I,
吊模,n
标高,n
?O,
一?O,
,
问题,n
描述,v
?O,
Q1,ws
-,wp
3,m
/4,wp
?I,
南侧,nd
L2,ws
?I,
?B,
施工,v
?I,
位置,n
?O,
?O,
?O,
?O,
?O,
梁上,v
混凝?B,
过多,d
,
问题,n
描述,v
?O,
Q2,ws
-,wp
4,m
?I,
L4,m
?I,
?B,
偏位,n
严重,a
,
问题,n
描述,v
?O,
Q2,ws
-,wp
4,m
?I,
L4,m
?I,
?B,
底部,nd
钢筋,n
?O,
绑扎,v
,
问题,n
描述,v
?O,
Q2,ws
-,wp
4,m
?I,
L4,m
?I,
模板,n
拼缝,v
?O,
?O,
,
问题,n
描述,v
?O,
Q3,ws
-,wp
6,m
?I,
L3,m
?I,
梁底,n
垃圾,n
过多,d
,
问题,n
描述,v
?O,
T2,ws
?I,
L3,m
?I,
楼梯,n
?I,
植筋,n
?O,
一?O,
,
问题,n
描述,v
?O,
Q1,ws
-,wp
6,m
?I,
L1,m
?I,
构造柱,n
未贴,v
双面?B,
,
问题,n
描述,v
?O,
T2,ws
?I,
-,wp
1,m
?I,
B1,m
?I,
套管,n
加强,v
?I,
不足,v
,
问题,n
描述,v
?O,
T2,ws
?I,
L4,m
?I,
构造柱,n
?O,
植筋,n
,
问题,n
描述,v
?O,
Q1,ws
-,wp
3,m
?I,
L5,m
?I,
架子,n
大面?O,
?O,
?O,
垫块,n
,
问题,n
描述,v
?O,
Q1,ws
-,wp
5,m
?I,
L3,m
?I,
梁底,nh
夹渣,n
过多,d
,
问题,n
描述,v
?O,
Q1,ws
-,wp
3,m
?I,
L5,m
?I,
梁底,n
垃圾,n
过多,d
,
问题,n
描述,v
?O,
Q1,ws
-,wp
3,m
?I,
L5,m
?I,
套筒,n
加固,v
钢筋,n
不足,a
,
问题,n
描述,v
?O,
Q1,ws
-,wp
3,m
?I,
L5,m
?I,
套管,n
露丝,n
,
问题,n
描述,v
?O,
Q1,ws
-,wp
5,m
?I,
L5,m
?I,
模板,n
拼缝,v
?O,
?O,
,
问题,n
描述,v
?O,
q1,m
-,wp
3,m
?I,
L5,m
?I,
加密,v
?I,
数量,n
不足,a
,
问题,n
描述,v
?O,
T3,ws
?I,
L5,m
?I,
?B,
底部,nd
?O,
?B,
?I,
应有,v
砂浆,n
,
问题,n
描述,v
?O,
T3,ws
?I,
L5,m
?I,
马牙?B,
?O,
?O,
双面?B,
,
问题,n
描述,v
?O,
Q3,ws
-,wp
10,m
?I,
L2,m
?I,
?O,
?O,
20,m
?O,
,
问题,n
描述,v
?O,
Q3,ws
-,wp
7,m
?I,
L1,m
?I,
砌体,n
灰缝,n
?O,
?O,
?O,
,
问题,n
描述,v
?O,
Q3,ws
-,wp
1,m
?I,
L4,m
?I,
机械,n
连接,v
丝牙,n
外漏,v
?O,
?O,
?O,
,
问题,n
描述,v
?O,
Q3,ws
-,wp
1,m
?I,
L4,m
?I,
防水,v
基层,n
?O,
打磨,v
平整,a
?O,
,
问题,n
描述,v
?O,
Q3,ws
-,wp
1,m
?I,
L2,m
?I,
楼梯,n
植筋,n
?O,
?O,
植筋?B,
?O,
,
问题,n
描述,v
?O,
Q3,ws
-,wp
1,m
?I,
L4,m
?I,
聚氨?B,
完后,nd
成品,n
保护,v
?O,
?O,
?O,
,
问题,n
描述,v
?O,
Q1,ws
-,wp
2,m
?I,
L1,m
?I,
皮数,n
?I,
?O,
施工,v
实际,a
情况,n
不符,v
?O,
,
问题,n
描述,v
?O,
Q2,ws
-,wp
1,m
?I,
L1,m
?I,
圈梁,n
定位,v
偏移,v
?O,
,
问题,n
描述,v
?O,
1,m
#,wp
?I,
?O,
5,m
#,wp
?I,
之间,nd
屋面,n
基层,n
?O,
清理,v
干净,a
?O,
,
问题,n
描述,v
?O,
Q1,ws
-,wp
3,m
?I,
L5,m
?I,
梁底,n
垃圾,n
过多,d
,
问题,n
描述,v
?O,
Q1,ws
-,wp
6,m
?O,
Q1,ws
-,wp
8,m
?I,
L5,m
?I,
?B,
接头,v
?I,
夹渣,n
?O,
?O,
?O,
?O,
?O,
,
问题,n
描述,v
?O,
Q1,ws
-,wp
5,m
?I,
L,ws
5,m
?I,
电影?B,
平台,n
?I,
弯折,v
?I,
?O,
锚入,v
斜梁,n
?I,
?O,
,
问题,n
描述,v
?O,
Q1,ws
-,wp
3,m
?I,
L,ws
5,m
?I,
降板,n
区域,n
吊模,n
标高,a
?O,
一?O,
?O,
,
问题,n
描述,v
?O,
Q,ws
3,m
?I,
钢筋,n
加工,v
?I,
?B,
?I,
?O,
打磨,v
?O,
丝牙,n
?O,
?O,
?O,
?O,
,
问题,n
描述,v
?O,
Q3,ws
-,wp
6,m
?I,
L4,m
?I,
?B,
?I,
?I,
螺纹,v
连接,v
丝牙,n
?O,
?O,
?O,
套筒,n
?I,
?O,
,
问题,n
描述,v
?O,
5,m
?I,
?I,
L1,m
?I,
开?O,
?O,
?O,
砂浆,n
封堵,v
?O,
,
问题,n
描述,v
?O,
Q3,ws
-,wp
6,m
?I,
L,ws
4,m
?I,
波纹?B,
定位,v
错误,n
?O,
,
问题,n
描述,v
?O,
Q2,ws
-,wp
5,m
?I,
L,ws
2,m
?I,
构?B,
柱箍?I,
设置,v
错误,n
?O,
,
问题,n
描述,v
?O,
T2,ws
?I,
L21,m
?I,
?B,
钢筋,n
箍筋,v
间距,n
不均匀,a
,
问题,n
描述,v
?O,
T,ws
3,m
?I,
L,ws
7,m
?I,
抹灰,n
露网,n
,
问题,n
描述,v
?O,
Q1,ws
-,wp
1,m
?I,
L5,m
?I,
钢筋,n
机械,n
连接,v
?O,
丝牙,n
?O,
?O,
?O,
,
问题,n
描述,v
?O,
Q1,ws
-,wp
5,m
?I,
L5,m
?I,
?B,
?I,
存在,v
大量,m
?O,
木屑,n
,
问题,n
描述,v
?O,
Q1,ws
-,wp
2,m
?I,
L5,m
?I,
梁底,nh
二排,j
钢筋,n
?O,
绑扎,v
?O,
,
问题,n
描述,v
?O,
T3,ws
?I,
副楼,n
模板,n
拼缝,v
?O,
?O,
,
问题,n
描述,v
?O,
T3,ws
?I,
L14,m
?I,
构造柱,n
上部,nd
?O,
绑扎,v
,
问题,n
描述,v
?O,
Q2,ws
-,wp
4,m
?I,
L6,m
?I,
钢筋,n
机械,n
连接,v
?O,
丝牙,n
?O,
?O,
,
问题,n
描述,v
?O,
Q2,ws
?I,
L1,m
?I,
砌体,n
施工,v
区域,n
照明,n
严重,a
不足,a
,
问题,n
描述,v
?O,
Q2,ws
-,wp
4,m
?I,
L6,m
?I,
竖向,n
结构,n
缺少,v
?O,
?O,
,
问题,n
描述,v
?O,
Q2,ws
-,wp
2,m
?I,
屋面,n
?I,
?B,
底部,nd
?O,
钢筋,n
垫块,n
?O,
梁底,nh
垃圾,n
?O,
?O,
,
问题,n
描述,v
?O,
Q,ws
3,m
?I,
加工?B,
?B,
螺纹钢筋,v
?O,
?O,
保护,v
?I,
,
问题,n
描述,v
?O,
5,m
?I,
?I,
L1,m
?I,
开?O,
?O,
?O,
砂浆,n
封堵,v
?O,
,
2018?O,
12?O,
20?O,
塔楼,n
六层,b
顶板,n
浇筑,v
完成,v
?O,
今日,nt
?O,
拆除,v
六层,n
结构,n
排架,v
横杆,n
?O,
?O,
符合,v
所,u
申报,v
?O,
方案,n
?O,
相关,v
规范,n
要求,n
?O,
?O,
拆除,v
?O,
部分,n
?O,
混凝?B,
结构,n
出现,v
裂缝,n
?O,
质量,n
问题,n
?O,
?O,
?O,
?O,
全部,m
承担,v
?O,
,
?O,
部于,v
2017?O,
6?O,
1?O,
进场,v
?O,
新兴,b
铸管,n
HRB40032,ws
?I,
螺纹,v
接头,n
?O,
?O,
2017?O,
6?O,
2?O,
?O,
复检,v
?O,
?O,
检?O,
结果,n
?O,
符合,v
相关,v
技?O,
要求,n
?O,
,
?O,
2017?O,
6?O,
2?O,
统计,v
?O,
累计,v
完成,v
三轴,j
搅拌?I,
62,m
?O,
?O,
理论,n
计算,v
水泥,n
用量,n
62,m
×,wp
8.23,m
=,wp
510.26,m
t,ws
?O,
?O,
6?O,
2?O,
统计,v
累计,v
进场,v
水泥,n
?O,
455.66,m
t,ws
?O,
?O,
?O,
水泥,n
455.66,m
-,wp
510.26,m
=,wp
-,wp
54.6t,m
?O,
,
近期,nt
监理?O,
发现,v
浇筑,v
混凝?I,
制作,v
?O,
试块,n
?O,
养护,v
?O,
管理,v
?O,
符合,v
规范,n
要求,n
?O,
?O,
施工?O,
及时,a
采取,v
合理,a
?O,
措施,n
进行,v
养护,v
?O,
?O,
及时,a
?O,
检?O,
?O,
否则,c
监理?O,
?O,
开?O,
罚款,v
?O,
,
钢筋?B,
加工,v
?O,
焊接,v
?O,
?O,
?O,
要求,n
?O,
钢筋,n
端部,n
?O,
?O,
要求,n
切平,nh
?O,
镦平,nh
处理,v
?O,
箍筋,n
间距,n
不均匀,a
?O,
焊接,v
?I,
?O,
?O,
造成,v
脱焊,v
变形,v
?O,
加劲,v
?I,
焊接,v
过程,n
损伤,v
主筋,n
?O,
?O,
,
?O,
钢筋?B,
过程,n
?O,
?O,
项目?O,
?O,
质检?O,
在场,v
检?O,
验收,v
?O,
钢筋,n
对接,v
存在,v
间隙,n
?O,
,
?B,
注浆,v
?O,
专人,n
负责,v
管理,v
?O,
,
?O,
?O,
?O,
2017?O,
6?O,
1?O,
进场,v
?O,
新兴,b
铸管,n
HRB40025,ws
?I,
螺纹,v
接头,n
?O,
?O,
2017?O,
7?O,
13?O,
?O,
检?O,
?O,
?O,
检?O,
结果,n
?O,
符合,v
相关,v
技?O,
要求,n
?O,
,
?O,
项目?O,
?O,
现场,nl
检?O,
钢筋,n
?O,
发现,v
现场,nl
进场,v
?O,
12,m
钢筋,n
生产厂家,n
?O,
浙江,ns
富钢,nz
金属,n
制品,n
有限公司,n
?O,
?O,
厂家,n
?O,
?O,
建设,v
单位,n
限定,v
厂家,n
品牌,n
范围,n
?O,
?O,
?O,
尚未,d
进场,v
报验,v
?O,
检?O,
?O,
,
格构?B,
?O,
支撑,v
?I,
节点,n
?O,
?O,
设计,v
施工,v
,
部分,m
支撑,v
?O,
栈桥?B,
底部,nd
箍筋,v
绑扎,v
跳扎,v
严重,a
?O,
,
局?O,
支撑,v
?O,
栈桥?B,
底筋,n
间距,n
偏小,a
?O,
无法,v
保证,v
?B,
?O,
钢筋,n
?O,
有效,a
握裹?O,
?O,
,
局?O,
?B,
?O,
?B,
侧模,n
?O,
顺直,a
?O,
,
1,m
-,wp
5,m
/,wp
F,ws
轴处,n
施工,v
?O,
挡土?B,
个别,a
墙柱,n
?I,
间距,n
大于,v
设计,v
要求,n
?O,
,
?O,
项目?O,
?O,
2017?O,
11?O,
6?O,
送检,v
代表,n
部位,n
?O,
支撑?B,
部位,n
?O,
一?O,
上海,ns
申特,nz
HRB40025,ws
?I,
螺纹,v
接头,n
?O,
检?O,
报告,n
编号,n
?O,
:,wp
E02710231700383,ws
?O,
?O,
2017,m
?O,
11,m
?O,
7,m
?O,
?O,
检?O,
?O,
?O,
其中,r
一,m
?O,
试件,n
接头,n
破坏,v
形?O,
?O,
连接?B,
破坏,v
?O,
检?O,
结果,n
?O,
符合,v
相关,v
技?O,
要求,n
?O,
,
钢筋,n
网片,n
?O,
?O,
设计,v
图纸,n
要求,v
设置,v
?O,
图纸,n
要求,v
?O,
8,m
@,nh
200,m
*,wp
200mm,nt
钢筋?I,
?O,
?B,
?I,
?B,
厚度,n
?O,
400mm,m
?O,
?O,
?B,
凸面,n
?B,
厚度,n
?O,
100mm,m
?O,
?O,
,
钢筋,n
?O,
桩间,n
弯折,n
?O,
?O,
通常,d
拉直,v
?O,
,
多处,n
喷锚,v
脱落,v
?O,
钢筋,n
裸露,v
?O,
喷锚,v
厚度,n
?O,
符合,v
设计,v
图纸,n
要求,v
?O,
,
剪刀?B,
搭接,v
部位,n
?O,
?O,
设计,v
图纸,n
要求,v
设置,v
缀?B,
连接,v
?O,
,
9,m
-,wp
L,ws
轴线,n
剪刀?B,
设置,v
位置,n
?O,
设计,v
图纸,n
不符,v
?O,
,
个别,a
剪刀?B,
起始,v
高度,n
?O,
角度,n
?O,
设计,v
图纸,n
不符,v
?O,
,
?O,
施工,v
?O,
剪刀?B,
焊缝,n
质量,n
必须,d
加强,v
?O,
现场,nl
实际,a
情况,n
点焊,n
?O,
?O,
?O,
特别,d
加强,v
?O,
立柱,n
连接?I,
?O,
焊缝,n
质量,n
?O,
,
?B,
钢筋,n
网片,n
?O,
?O,
设计,v
图纸,n
要求,v
设置,v
?O,
图纸,n
要求,v
?O,
8,m
@,nh
200,m
*,wp
200,m
钢筋?I,
?O,
?B,
?I,
?B,
厚度,n
?O,
400mm,m
?O,
?O,
?B,
凸面,n
?B,
厚度,n
?O,
100mm,m
?O,
?O,
,
钢筋,n
?O,
桩间,n
弯折,n
?O,
?O,
通长,v
拉直,v
?O,
,
桩间,n
土未,d
清理,v
干净,a
?O,
,
局?O,
抗拔?B,
桩头,n
破除,v
?O,
成型,v
标高,n
?O,
设计,v
要求,n
?O,
标高,n
?O,
?O,
造成,v
桩头,n
无法,v
锚入,v
筏板,n
?I,
?O,
,
局?O,
?O,
破除,v
?O,
桩头,n
观感,n
?O,
?O,
个别,a
桩头,n
破除,v
?O,
?B,
?O,
完整,a
?O,
,
局?O,
桩头,n
破除,v
?O,
?B,
钢筋,n
锚入,v
承台,n
?O,
筏板,n
锚固,j
长度,n
不足,a
?O,
,
监理?O,
现场,nl
检?O,
柱墩,n
钢筋,n
?O,
发现,v
柱墩,n
钢筋,n
连接,v
使用,v
?O,
套筒,n
?O,
报验,v
?O,
未经,d
检?O,
合格,v
?O,
?O,
使用,v
?O,
?O,
套筒,n
?O,
非正?B,
?I,
套筒,n
?O,
连接,v
根本,d
?O,
紧密,a
?O,
?O,
?O,
?O,
?O,
规范,n
要求,v
?O,
扭矩,n
?O,
?O,
?O,
?O,
立即,d
整改,v
?O,
,
2018?O,
1?O,
25?O,
?O,
监理?O,
现场,nl
检?O,
发现,v
沉降,v
后浇?I,
橡胶,n
止水?I,
保护?I,
?B,
浇筑,v
?O,
?O,
按照,p
设计,v
要求,n
?O,
?O,
30,m
?O,
沉降,v
?I,
?O,
?O,
?O,
?O,
立即,d
整改,v
?O,
,
监理,v
?O,
现场,nl
巡视,v
发现,v
?O,
塔楼,n
坑中,nl
?I,
部位,n
?O,
西侧,nd
?O,
?O,
?O,
?O,
防水,v
?O,
现己,n
开?O,
绑扎,v
钢筋,n
?O,
,
监理,v
?O,
现场,nl
巡视,v
发现,v
?O,
塔楼,n
部位,n
现己,n
开?O,
绑扎,v
钢筋,n
?O,
钢筋,n
套丝,n
长度,n
长短,n
不一,v
?O,
局?O,
套丝,n
长度,n
?O,
?O,
?O,
?O,
要求,v
施工,v
单位,n
针对,p
以上,nd
情况,n
进行,v
整改,v
?O,
严恪,a
?O,
设计,v
规范,n
施工,v
?O,
整改,v
完成,v
后报,n
监理,v
验收,v
?O,
,
l,ws
-,wp
3,m
/,wp
N,ws
-,wp
F,ws
?I,
区域,n
部位,n
桩头,n
超灌,v
高度,d
不够,a
?O,
现场,nl
?O,
?O,
设计,v
?O,
规范,n
要求,v
处理,v
桩头,n
直接,a
进行,v
?O,
?O,
工序,n
开?O,
绑扎,v
钢筋,n
?O,
,
监理,v
?O,
现场,nl
巡视,v
发现,v
?O,
塔楼,n
部位,n
加厚,v
?I,
?B,
筏板,n
?O,
3400,m
?O,
?O,
图纸,n
要求,v
?O,
附加,v
3,m
?O,
钢筋?B,
?O,
现场,nl
实际,a
?O,
?O,
2,m
?O,
?O,
?O,
要求,v
施工,v
单位,n
及早,d
补加,v
一,m
?O,
?O,
严格,a
?O,
设计,v
图纸,n
施工,v
?O,
整改,v
完成,v
后报,n
监理,v
验收,v
?O,
,
1,m
?O,
地库,n
外墙,n
根部,n
加强,v
附加,v
纵向,n
钢筋,n
高度,d
?O,
900mm,m
左右,m
?O,
设计,v
?O,
1500mm,m
?O,
,
外墙,n
遇柱,v
部位,n
附加,v
水平,n
分布?I,
10,m
@,nh
200,m
?O,
设置,v
?O,
,
外墙,n
钢筋,n
?O,
保护?B,
垫块,n
?O,
外墙,n
外侧,nd
防裂,v
钢筋?I,
?O,
定位,v
措施,n
?O,
,
WQ2,ws
?I,
截面,n
内侧,nd
纵向,n
钢筋,n
?O,
锚固,v
进入,v
顶板,n
?O,
,
WQ2,ws
?I,
截面,n
上层,nd
纵向,n
钢筋,n
?O,
预先,d
?O,
锚固,j
进入,v
下层,nd
墙体,n
?O,
,
监理?O,
检?O,
7,m
-,wp
12,m
?I,
/,wp
J,ws
-,wp
N,ws
?I,
负二?B,
楼板,n
钢筋,n
安装,v
?O,
发现,v
楼板,n
钢筋,n
?O,
按照,p
无梁,n
楼盖,n
板筋,n
规定,n
贯?O,
安装,v
缺陷,n
?O,
?O,
施工?O,
立即,d
整改,v
?O,
,
监理?O,
检?O,
?B,
?I,
?I,
?B,
梁板,n
钢筋,n
安装,v
?O,
发现,v
水电?B,
?I,
预埋?I,
预留?I,
作业,v
直接,a
?O,
?B,
梁板,n
钢筋,n
割断,v
?O,
造成,v
严重,a
质量,n
缺陷,n
?O,
?O,
?O,
?O,
?O,
施工?O,
立即,d
按照,p
规范,n
要求,n
进行,v
加固,v
补强,v
?O,
,
监理?O,
检?O,
塔楼,n
部位,n
?B,
?I,
?I,
梁板,n
钢筋,n
安装,v
?O,
发现,v
部分,n
梁纵?B,
?O,
型钢,n
?I,
连接,v
?O,
?O,
锚固,a
长度,n
?O,
?O,
确保,v
工程,n
结构,n
质量,n
?O,
?O,
?O,
施工?O,
立即,d
按照,p
设计,v
?O,
规范,v
要求,n
进行,v
整改,v
!,wp
,
型钢,n
?I,
梁底?I,
局?I,
?O,
?O,
连接?B,
焊接,v
?O,
局?O,
?O,
焊接,v
?O,
焊缝,n
长度,n
不足,v
?O,
,
柱冒,v
部位,n
拉筋,n
设置,v
不足,a
?O,
,
局?O,
?B,
?O,
?B,
?O,
?B,
保护?I,
垫块,n
设置,v
数量,n
?O,
不足,v
要求,v
?O,
局?O,
箍筋,n
?O,
纵筋,v
紧贴,v
模板,n
?O,
保护?B,
?O,
,
局?O,
?B,
?O,
板筋,n
?O,
?O,
?O,
?O,
,
局?O,
梁挑?B,
长度,n
不够,a
?O,
二排,j
?I,
锚入?B,
钢柱,n
长度,n
不够,a
?O,
,
局?O,
板筋,n
?O,
?O,
弯锚,v
?O,
锚入,v
支座,n
长度,n
不够,a
?O,
,
局?O,
洞口,n
?O,
预埋?B,
位置,n
?O,
设置,v
补强,v
钢筋,n
?O,
补强,v
?O,
符合,v
要求,n
?O,
,
局?O,
排架,v
立杆,v
歪斜,v
?O,
局?O,
梁底,nh
立杆,v
未用,v
顶托,v
支撑,v
?O,
局?O,
梁底,nh
缺少,v
立杆,n
?O,
立杆,v
间距,n
?O,
?O,
?O,
,
反梁,n
部位,n
立杆,d
间距,v
?O,
?O,
?O,
?O,
设置,v
梁底,nh
立杆,n
?O,
,
?O,
严格,a
按照,p
模板,n
方案,n
设置,v
剪刀?B,
?O,
局?O,
缺少,v
扫地?B,
?O,
,
立杆,n
底部,nd
?O,
按照,p
模板,n
方案,n
设置,v
方木,n
垫块,n
?O,
,
楼梯,n
部位,n
排架,v
局?O,
悬空,v
?O,
,
止水,v
钢板,n
局?O,
搭接,v
长度,n
偏短,v
?O,
?O,
双面,a
满焊,v
?O,
,
局?O,
楼板,n
双层,b
钢筋,n
安装,v
马凳,n
支座,n
?O,
?O,
?O,
致使,v
楼板,n
有效,a
截面,n
尺寸,n
不足,a
?O,
,
局?O,
模板,n
平整?O,
?O,
垂直,v
度及,v
拼缝,n
?O,
?O,
?O,
局?O,
模板,n
预拱?O,
不足,v
?O,
局?O,
采用,v
废旧,b
模板,n
?O,
,
格构,n
?I,
部位,n
?B,
钢筋,n
随意,a
割断,v
;,wp
,
局?O,
板钢?B,
网片,n
偏低,a
?O,
减小,v
?B,
有效,a
截面,n
?O,
,
3,m
#,wp
汽车,n
坡道,n
净?O,
设计,v
尺寸,n
?O,
4.1,m
?O,
?O,
现场,nl
实际,a
尺寸,n
4.15,m
?O,
,
C,ws
?I,
/,wp
11,m
-,wp
12,m
?I,
800,m
?O,
梁箍?B,
加密,v
?O,
到位,v
?O,
,
D,ws
?I,
/,wp
9,m
-,wp
,
,
10,m
?I,
预留,v
洞口,n
?O,
加固,v
?O,
,
C,ws
?I,
/,wp
6,m
?I,
柱帽,n
加密,v
?O,
到位,v
;,wp
,
有些,r
柱帽,n
拉筋,n
?O,
?O,
?O,
,
少数,m
水电,n
配管,v
布置,v
间距,n
?O,
满足,v
规范,n
要求,n
?O,
,
排架,v
立杆,n
?O,
垫木,n
?O,
局?O,
缺少,v
扫地?B,
?O,
少数,m
立杆,q
顶托,v
伸出,v
?O,
?O,
?O,
偏心,a
受压,v
?O,
,
监理,v
?O,
?O,
现场,nl
巡视,v
发现,v
?B,
?I,
?I,
一?B,
墙柱,n
钢筋,n
?O,
?O,
拆撑,v
方案,n
搭设,v
防护,v
?O,
?O,
施工?O,
严格,a
按照,p
拆撑,v
方案,n
施工,v
?O,
,
监理?O,
现场,nl
巡视,v
?O,
发现,v
?O,
单位,n
连廊,n
灌浆,v
拆模,n
?O,
空鼓,n
露筋,v
现象,n
严重,a
?O,
?O,
要求,v
?O,
单位,n
编制,v
可靠,a
?O,
修补,v
方案,n
?O,
进行,v
修补,v
整改,v
到位,v
?O,
,
监理,v
?O,
现场,nl
巡视,v
?O,
?O,
发现,v
一,m
?I,
?B,
二层,n
排架,v
搭设,v
过程,n
?O,
立杆,n
底部,nd
?O,
?O,
模板,n
方案,n
要求,n
设置,v
400,m
*,wp
100,m
*,wp
50,m
?I,
垫块,n
?O,
?O,
施工?O,
严格,a
按照,p
方案,n
要求,v
施工,v
?O,
?O,
现场,nl
立杆,d
?O,
设置,v
垫木,n
?O,
地方,n
及时,a
整改,v
?O,
整改,v
完成,v
?O,
监理,v
验收,v
?O,
,
监理?O,
检?O,
发现,v
B3,m
?I,
地库,n
外墙,n
局?O,
出现,v
通?O,
裂缝,n
?O,
?O,
确保,v
工程,n
结构,n
质量,n
?O,
?O,
要求,v
施工?O,
?O,
此类,r
质量,n
缺陷,n
提出,v
可靠,a
有效,a
?O,
处理,v
方案,n
?O,
?O,
监理,v
?O,
建设?O,
同意,v
?O,
?O,
及时,a
按照,p
审核,v
同意,v
?O,
处理,v
方案,n
认真,a
整改,v
处理,v
?O,
,
监理?O,
检?O,
发现,v
塔楼,n
区域,n
B3,m
?I,
地库,n
顶板,n
?O,
?O,
出现,v
通?O,
裂缝,n
?O,
?O,
确保,v
工程,n
结构,n
质量,n
?O,
?O,
要求,v
施工?O,
?O,
此类,r
质量,n
缺陷,n
提出,v
可靠,a
有效,a
?O,
处理,v
方案,n
?O,
?O,
监理,v
?O,
建设?O,
同意,v
?O,
?O,
及时,a
按照,p
审核,v
同意,v
?O,
处理,v
方案,n
认真,a
整改,v
处理,v
?O,
,
塔楼,n
区域,n
型钢,n
?I,
部位,n
?B,
钢筋,n
局?O,
锚固,a
长度,n
不足,v
?O,
?O,
?O,
型钢,n
?I,
连接?I,
焊接,v
,
塔楼,n
区域,n
局?O,
大梁,n
底筋,n
由于,c
侧模,n
?O,
全部,m
封模,n
导致,v
无法,v
满扎,v
,
消防,b
水池,n
?O,
核心?B,
?O,
部位,n
墙体,n
钢筋,n
跳扎,v
现象,n
严重,a
,
纵向,n
立杆,v
步距,n
超过,v
1.5m,m
?O,
达到,v
1.9,m
-,wp
2,m
m,q
?O,
,
自由?B,
达到,v
1.5,m
-,wp
1.8m,m
超过,v
50cm,m
?O,
一?O,
水平?B,
;,wp
,
纵向,n
水平?I,
?O,
?O,
2,m
-,wp
3,m
?O,
?O,
设置,v
一?O,
水平?B,
;,wp
,
高低,n
?I,
?O,
?O,
规范,n
要求,v
延伸,v
?O,
?O,
?O,
,
顶托,v
局?O,
存在,v
只有,c
一?O,
现象,n
?O,
,
监理?O,
检?O,
发现,v
塔楼,n
区域,n
?B,
?I,
?B,
L57,ws
施工,v
?O,
符合,v
设计,v
?O,
?O,
施工?O,
尽快,d
彻底,a
整改,v
!,wp
,
劲型?B,
灌浆,v
?I,
材料,n
检?O,
?O,
合格,v
?O,
,
地下,nl
三层,n
外墙?B,
局?O,
存在,v
裂缝,n
?O,
渗水,v
?O,
地下?B,
顶板,n
局?O,
存在,v
裂缝,n
?O,
,
监理,v
?O,
现场,nl
巡视,v
?O,
?O,
发现,v
塔楼,n
五层,n
楼面,n
东侧,nd
出现,v
一,m
?O,
贯?O,
裂缝,n
?O,
?O,
初步,d
分析,v
?O,
由于,p
四层,n
排架,v
拆除,v
过早,d
导致,v
?O,
要求,v
施工,v
单位,n
分析,v
原因,n
?O,
及时,a
出具,v
处理,v
方案,n
?O,
,
现场,nl
05a,m
埋件,q
?O,
设计,v
不符,v
?O,
,
进场,v
埋件,n
?O,
?O,
厚度,n
?O,
符合,v
设计,v
?O,
规范,a
要求,n
?O,
,
进场,v
埋件,n
?O,
通知,v
监理,v
?O,
验收,v
?O,
开?O,
现场,nl
使用,v
?O,
,
板筋,n
锚固,j
长度,n
不足,a
?O,
型钢,n
?I,
节点,n
部位,n
梁二排筋,nh
锚固,a
长度,n
不足,a
,
梁侧,nh
钢筋,n
?O,
保护?B,
?O,
梁底,nh
木屑,n
?O,
焊渣,n
?O,
垃圾,n
?O,
清理,v
干净,a
,
六层,n
排架,v
梁底,nh
立杆,d
?O,
?O,
扫地?B,
拉?O,
,
小梁,n
底模,n
?O,
步步,q
?I,
加固,v
?O,
板底,n
木方,n
间距,n
过大,v
,
地下?B,
型钢,n
?I,
加固,v
植筋,n
深度,n
不足,a
?O,
加固,v
钢筋,n
下料,v
长度,n
不足,a
?O,
箍筋,v
焊接,v
长度,n
不足,a
,
局?O,
大梁,n
?I,
立杆,d
设置,v
?O,
方案,n
不符,v
,
?O,
项目?O,
进场,v
?O,
江苏,ns
沙钢,n
幕墙,n
预埋?I,
钢筋,n
T?I,
接头,n
?O,
?O,
2018?O,
12?O,
20?O,
?O,
复检,v
?O,
?O,
检?O,
结果,n
?O,
符合,v
JGJ18,ws
-,wp
2012,nt
?O,
钢筋,n
焊接,v
?O,
验收,v
规程,n
?O,
?O,
技?O,
要求,n
?O,
,
现场,nl
?B,
一,m
?I,
砼导?B,
?O,
?O,
支模,v
?O,
?O,
剔凿,v
?O,
?O,
符合,v
龙湖,ns
集团,n
工程,n
质量,n
检?O,
评估,v
管理,v
规范,v
?,m
?O,
5.2?O,
?O,
要求,v
总包,n
及时,a
整改,v
到位,v
?O,
,
?B,
一,m
?I,
构造柱,n
搭接,v
长度,n
?O,
拉墙,n
?I,
长度,n
?O,
?O,
?O,
符合,v
规范,n
要求,n
?O,
要求,v
总包,n
单位,n
尽快,d
整改,v
到位,v
?O,
后报,n
监理,v
?O,
复查,v
?O,
,
2018?O,
7?O,
11?O,
监理,v
组接,v
?O,
质监?O,
电话,n
通知,n
?O,
塔楼,n
区域,n
型钢,n
?I,
灌浆?I,
检?O,
?O,
合格,v
?O,
?O,
避免,v
出现,v
重大,a
质量,n
缺陷,n
?O,
?O,
贵方,n
及早,d
整改,v
?O,
,
监理?O,
现场,nl
检?O,
发现,v
塔楼,n
区域,n
一,m
?I,
WKL1,ws
模板,n
尺寸,n
?O,
?O,
284,m
?O,
严重,a
偏小,a
?O,
?O,
施工?O,
尽快,d
彻底,a
整改,v
?O,
,
监理?O,
现场,nl
检?O,
发现,v
塔楼,n
区域,n
一,m
?I,
楼板,n
4,m
-,wp
6,m
?I,
/,wp
F,ws
-,wp
H,ws
?I,
?O,
附加,v
钢筋,n
严重,a
锈蚀,v
?O,
?O,
施工?O,
尽快,d
彻底,a
整改,v
?O,
,
监理?O,
现场,nl
巡视,v
发现,v
塔楼,n
区域,n
一,m
?I,
排架,v
局?O,
扫地?B,
缺失,v
?O,
顶托,v
?O,
?O,
?O,
主楞,n
?O,
局?O,
立样,d
悬空,v
?O,
立杆,n
底部,nd
?O,
设置,v
木垫?B,
?O,
最,d
?I,
一?I,
横杆,n
缺失,v
?O,
局?O,
梁底?B,
?O,
梁侧,nh
钢筋,n
?O,
?O,
?O,
?O,
,
监理?O,
巡视,v
?O,
发现,v
?B,
一?I,
7,m
-,wp
12,m
/,wp
轴肥?I,
剪力?B,
外侧,nd
挤塑?B,
大面?O,
脱落,v
?O,
重新,d
粘贴,v
?O,
要求,v
施工,v
单位,n
立即,d
整改,v
重新,d
牢固,a
粘贴,v
?O,
进行,v
基槽,n
回填,v
?O,
,
肥槽,n
垃圾,n
?O,
清理,v
干净,a
,
防水?B,
多处,n
破损,v
?O,
修补,v
,
?O,
?O,
设计,v
要求,n
铺贴,v
防水,v
保护?I,
?O,
开?O,
回填,v
,
过程,n
?O,
局?O,
立杆,d
搭接,v
接长,n
?O,
最,d
?O,
一?O,
?O,
一?O,
方向,n
?I,
横杆,n
?O,
,
楼板,n
?I,
支撑,v
主楞,n
?O,
?O,
方案,n
要求,n
设置,v
两根,m
钢管,n
?O,
局?O,
?O,
设置,v
一?O,
钢管,n
?O,
,
高支?B,
横杆,n
局?O,
?O,
拉?O,
设置,v
?O,
,
高支?B,
立杆,v
局?O,
搭接,v
?O,
?O,
?O,
,
立杆,n
?I,
局?O,
?O,
设置,v
?B,
垫块,n
?O,
,
监理,v
现场,nl
发现,v
?B,
?I,
二层,n
排架,v
?O,
搭设,v
过程,n
?O,
?O,
?O,
局?O,
立杆,n
间距,n
?O,
符合,v
规范,n
要求,n
?O,
其中,r
最?O,
间距,n
大于,v
1000mm,m
?O,
要求,v
施工,v
单位,n
整改,v
到位,v
,
悬挑?B,
端头,n
第一,m
?I,
钢筋,n
?O,
?O,
设计,v
?O,
规范,n
要求,v
下弯,v
12D,ws
?O,
,
梁底,nh
钢筋,n
?O,
?O,
?O,
?O,
,
型钢,n
?I,
部位,n
钢筋,n
焊接,v
长度,n
?O,
符合,v
设计,v
?O,
规范,a
要求,n
?O,
,
楼板,n
?I,
支撑,v
主楞,n
?O,
?O,
方案,n
要求,n
设置,v
两根,m
钢管,n
?O,
局?O,
?O,
设置,v
一?O,
钢管,n
?O,
,
立杆,n
局?O,
搭接,v
接长,v
?O,
,
?B,
面板,n
面筋,n
没有,d
满扎,v
?O,
面筋,n
搭接,v
长度,n
不足,v
?O,
,
梁底,nh
钢筋,n
局?O,
?O,
?O,
?O,
?O,
梁底,nh
垫块,n
?O,
设置,v
到位,v
?O,
,
女儿,n
?I,
插筋,v
锚固,j
长度,n
不足,v
?O,
,
板筋,n
?O,
?B,
支座,n
锚固,j
长度,n
不足,v
?O,
,
发现,v
?B,
?I,
屋面,n
女儿,n
?I,
?O,
?O,
屋面,n
共同,d
浇筑,v
?O,
?O,
符合,v
龙湖,ns
集团,n
自持,v
商业,n
项目,n
工程,n
质量,n
风险,n
检?O,
评分?O,
?O,
7.3,m
?O,
?O,
,
拉筋,v
局?O,
缺失,v
?O,
?O,
部分,m
拉筋,v
?O,
箍筋,n
?O,
绑扎,v
牢固,a
?O,
存在,v
漏绑,v
现象,n
?O,
,
垫块,n
设置,v
?O,
规范,a
?O,
?O,
数量,n
不足,a
?O,
,
钢筋,n
?O,
保护?B,
?O,
地方,n
?O,
处理,v
?O,
开?O,
封模,v
?O,
,
巡视,v
现场,nl
发现,v
地下,nl
一,m
?I,
拉墙?B,
?O,
满足,v
规范,n
要求,n
?O,
现场,nl
只有,d
60cm,m
?O,
砌墙,n
粘结?I,
饱满?O,
不足,a
?O,
?O,
?O,
?O,
?O,
,
洞口,n
过梁,n
搁置,v
小于,v
规范,n
要求,v
25cm,m
?O,
要求,v
?O,
单位,n
及时,a
整改,v
到位,v
?O,
后报,n
监理,v
?O,
复查,v
?O,
,
现场,nl
发现,v
裙房,n
屋面,n
女儿,n
?I,
止水,v
螺杆,n
切割,v
?O,
凹进,v
5mm,m
?O,
未报,v
监理,v
?O,
验收,v
?O,
?O,
抹灰,v
?O,
要求,v
总包,n
单位,n
必须,d
返工,v
处理,v
?O,
后报,n
监理,v
?O,
复查,v
?O,
,
现场,nl
发现,v
塔楼,n
五层,n
卫生?B,
实心,n
?I,
砌筑,v
过程,n
?O,
?O,
砖砌?B,
全部,m
?O,
丁砌,v
?O,
?O,
符合,v
规范,n
要求,n
?O,
要求,v
?O,
单位,n
必须,d
返工,v
整改,v
?O,
后报,n
监理,v
?O,
复查,v
?O,
,
现场,nl
监理,v
组于,v
2019?O,
3?O,
20?O,
发现,v
现场,nl
地下,nl
一,m
?I,
二次,m
结构,n
使用,v
自拌,v
混凝?I,
?O,
?O,
工程,n
质量,n
?O,
监理,v
通知?O,
-,wp
A.0,ws
.,wp
101,m
要求,v
?O,
?O,
整改,v
?O,
,
巡视,v
现场,nl
发现,v
塔楼,n
十一,m
?I,
砌筑,v
过程,n
?O,
?O,
1,m
/,wp
M,ws
-,wp
K,ws
?I,
西侧,nd
?B,
超出,v
5M,ws
?O,
中间,nd
?O,
设置,v
构造柱,n
?O,
并且,c
窗台,n
?I,
?I,
?I,
?O,
放置,v
钢筋,n
?O,
?O,
?O,
浇筑,v
?O,
?O,
,
局?O,
梁钢?B,
?B,
?I,
?I,
锚固,j
长度,n
不足,a
,
钢筋,n
?O,
型钢,n
?I,
连接?I,
焊接,v
焊缝,n
长度,n
不足,a
,
?B,
加密?I,
长度,n
不足,a
?O,
?B,
伸入,v
剪力?B,
锚固,j
长度,n
不足,a
,
梁底,nh
扎丝,v
?O,
垃圾,n
?O,
?O,
,
现场,nl
18,m
?O,
20,m
?O,
22,m
?O,
复试,v
报告,n
,
梁加腋处,nh
箍筋,v
?O,
开?B,
?I,
?O,
绑扎,v
牢固,a
或?O,
焊接,v
牢固,a
,
多处,n
模板,n
破损,v
?O,
翘曲,v
变形,v
?O,
固定,a
?O,
牢固,a
,
多处,n
接缝,v
?O,
?O,
?O,
阴角,n
?O,
固定,v
牢固,a
,
排架,v
钢管,n
多处,n
弯曲,a
变形,v
?O,
可调,a
顶托,v
伸出,v
长度,n
超过,v
300mm,ws
,
局?O,
排架,v
?O,
水平?B,
?O,
梁顶?B,
歪斜,v
,
塔楼,n
十一,m
?I,
?I,
十二,m
?I,
楼梯,n
平台,n
墙体,n
?O,
满足,v
4,m
?O,
?O,
按照,p
设计,v
图纸,n
要求,v
?O,
增设,v
腰梁,n
?O,
?O,
监理,v
?O,
巡视,v
现场,nl
发现,v
实际,a
?O,
设计,v
图纸,n
不符,v
?O,
要求,v
?O,
单位,n
及时,a
整改,v
?O,
?O,
监理,v
?O,
复查,v
合格,v
?O,
?O,
?O,
进行,v
?O,
一,m
?O,
工序,n
?O,
,
防排?B,
风管,n
法兰,ns
连接,v
?O,
密封,v
胶条,n
?O,
?O,
采用,v
阻燃,v
材料,n
?O,
,
现场,nl
加工,v
?O,
排烟,v
风管,n
1300,m
*,wp
700,m
正压,n
送风,v
?I,
700,m
*,wp
550,m
采用,v
共板,n
法兰,ns
?O,
?O,
图纸,n
施工,v
?O,
说明,v
4.1,m
.,wp
1,m
?O,
角钢,n
法兰,n
工艺,n
不符,v
,
现场,nl
库房,n
灭火?I,
缺失,n
?O,
,
项目,n
经理,n
未能,v
坚持,v
?O,
现场,nl
进行,v
长效,a
管理,v
?O,
,
排烟,v
风管,n
半成?I,
加工,v
?O,
翻边,v
宽度,n
?O,
咬口,n
密实?O,
质量,n
局?O,
不符,v
?O,
,
排烟?B,
?O,
送风,v
?I,
出风?I,
?O,
位置,n
?O,
局?O,
?O,
角钢,n
法兰,ns
冲突,v
,
风管,n
运至,v
现场,nl
?O,
内外,nd
?I,
污染,v
没有,d
及时,a
清理,v
干净,a
?O,
,
竖井,n
风管,n
支架,n
间距,n
?O,
个别,a
位置,n
存在,v
超出,v
?O,
规范,v
规定,v
?O,
距离,n
?O,
,
塔楼,n
区域,n
急需,v
处理,v
?O,
排烟,n
?I,
正压,n
送风,v
?I,
?O,
消防,b
?O,
喷淋,v
?O,
相关,v
?O,
管道,n
系统,n
?O,
未能,v
及时,a
有效,a
?O,
施工,v
?O,
直接,a
影响,v
?O,
土建,n
墙体,n
砌筑,v
?O,
综合,v
管线,n
?O,
后续,v
施工,v
?O,
?O,
土建,n
?O,
包方,n
?O,
连续,a
发出,v
联系?O,
催促,v
相关,v
部位,n
?O,
消防,b
施工,v
?O,
,
消防,b
风管,n
立管,v
?O,
墙面,n
需?I,
开?I,
位置,n
?O,
土建,n
?O,
二次,m
结构,n
砌墙,n
?O,
预留,v
洞口,n
大于,v
300,m
?O,
洞口,n
?O,
已经,d
提及,v
多日,nt
?O,
?O,
?O,
三天,nt
?O,
及时,a
提供,v
三方,n
确认,v
签字,v
?O,
?O,
方便,v
砌墙,n
?O,
预留,v
?O,
?O,
提供,v
电子?O,
?O,
,
排烟,v
风管,n
?O,
送风,v
?I,
所,u
采用,v
?O,
?B,
吊架,n
材料,n
?O,
图纸,n
4.4,m
施工,v
要求,n
?O,
08K132,m
不符,v
?O,
?O,
及时,a
调整,v
?O,
